timestamp,age,gender,country,state,occupation,work_in_state,diff_financial,diff_emotional,diff_health,suffer_y_n,suffer_who,suffer_cond,suffer_feel,connect_friends,connect_method,connect_family,connect_collegues,rely_help,affected_occupation,affected_studies,House_expend,govt_help,extra_expend,health_insurance,loan,emo_anxious_future,emo_lonely,emo_frustrated,emo_argument,emo_depressed,emo_change,future_lockdown,future_self,future_govt
2021-10-12 11:52:17,19,Male,India,Uttar Pradesh,Student,Yes,2nd wave(2021),2nd wave(2021),My health was not affected,Yes,Family member,3.0,Little worried,4,Call,4,It became more interactive,4,Not relevant for me,Declined,No change,No,Yes,Yes,None,Sometimes,Rarely,Sometimes,Never,Rarely,Normal,No,Yes,Maybe
2021-10-12 11:53:54,19,Female,India,Rajasthan,Student,Yes,2nd wave(2021),2nd wave(2021),2nd wave(2021),Yes,Family member,3.0,Little worried,1,Text,5,I felt no change,4,Not relevant for me,Normal,No change,No,Yes,No,None,Rarely,Never,Never,Never,Rarely,Normal,Yes,Yes,Yes
2021-10-12 11:54:59,20,Female,India,Delhi,Student,Yes,2nd wave(2021),2nd wave(2021),2nd wave(2021),Yes,Family member,3.0,Stressed,3,Text,3,Interaction became difficult,5,Not relevant for me,Declined,Increase,No,Yes,Yes,None,Most of the time,Sometimes,Sometimes,Sometimes,Sometimes,Stressed,Yes,Yes,Yes
2021-10-12 11:56:06,21,Female,India,Rajasthan,Student,Yes,2nd wave(2021),2nd wave(2021),My health was not affected,No,,,,4,Call,4,Interaction became difficult,4,Not relevant for me,Declined,Increase,No,Yes,Yes,Loan,Sometimes,Sometimes,Sometimes,Sometimes,Rarely,Stressed,Yes,Yes,Maybe
2021-10-12 11:58:55,20,Female,India,Gujarat,Student,No,2nd wave(2021),1st wave(2020),My health was not affected,Yes,"Family member, Close friend",2.0,Little worried,2,Text,4,Interaction became difficult,4,Not relevant for me,Declined,No change,No,No,,,Sometimes,Sometimes,Rarely,Sometimes,Sometimes,Normal,Maybe,Yes,Maybe
2021-10-12 12:07:30,21,Male,India,Uttar Pradesh,Student,Yes,Similar during both,2nd wave(2021),My health was not affected,Yes,Family member,5.0,Stressed,2,Text,4,Interaction became difficult,3,Not relevant for me,Declined,No change,No,Yes,Yes,None,Most of the time,Most of the time,Sometimes,Sometimes,Sometimes,Stressed,Maybe,Yes,No
2021-10-12 12:10:50,21,Male,India,Uttar Pradesh,Student,Yes,Similar during both,Similar during both,Similar during both,Yes,"Myself, Family member",3.0,Stressed,1,Call,4,Interaction became difficult,5,No Change,Declined,Increase,No,Yes,Yes,None,Most of the time,Most of the time,Never,Sometimes,Most of the time,Stressed,Maybe,Maybe,Yes
2021-10-12 12:13:51,21,Female,India,Chandigarh,Student,No,Similar during both,1st wave(2020),1st wave(2020),Yes,Close friend,5.0,Little worried,2,Text,5,Interaction became difficult,1,Not relevant for me,Declined,No change,No,No,,,Sometimes,Sometimes,Most of the time,Rarely,Sometimes,Stressed,Yes,Yes,No
2021-10-12 12:14:55,19,Male,India,Haryana,Student,Yes,Similar during both,Similar during both,1st wave(2020),No,,,,3,Call,4,Interaction became difficult,2,Not relevant for me,Improved,No change,No,Yes,Yes,None,Never,Never,Rarely,Never,Rarely,Relaxed,Maybe,Maybe,Maybe
2021-10-12 12:19:53,20,Male,India,Haryana,Student,No,Similar during both,1st wave(2020),My health was not affected,Yes,Close friend,4.0,Little worried,2,Video Call,4,Interaction became difficult,5,No Change,Declined,No change,No,Yes,Yes,None,Sometimes,Sometimes,Most of the time,Most of the time,Sometimes,Normal,Maybe,Yes,Yes
2021-10-12 12:22:38,19,Female,INDIA,Jharkhand,Student,Yes,2nd wave(2021),2nd wave(2021),2nd wave(2021),Yes,Family member,4.0,Stressed,2,Text,3,Interaction became difficult,2,No Change,Normal,Decrease,No,No,,,Sometimes,Most of the time,Most of the time,Sometimes,Most of the time,Stressed,Yes,Yes,Maybe
2021-10-12 12:24:18,20,Male,India,Bihar,Student,No,Similar during both,Similar during both,2nd wave(2021),Yes,Close friend,2.0,Little worried,3,Call,5,I felt no change,3,Pay /Income decreased,Normal,Decrease,No,No,,,Most of the time,Sometimes,Never,Sometimes,Sometimes,Stressed,No,No,No
2021-10-12 12:27:05,20,Male,India,Uttar Pradesh,Student,No,Similar during both,Similar during both,My health was not affected,Yes,Family member,4.0,Stressed,4,Text,2,Interaction completely stopped,2,No Change,Declined,No change,Yes,No,,,Most of the time,Most of the time,Rarely,Sometimes,Sometimes,Relaxed,Yes,Maybe,Yes
2021-10-12 12:31:46,19,Male,India,Bihar,Student,No,Similar during both,2nd wave(2021),My health was not affected,Yes,Close friend,3.0,Stressed,1,Video Call,3,Interaction completely stopped,1,Pay /Income decreased,Declined,Decrease,No,No,,,Sometimes,Most of the time,Most of the time,Rarely,Most of the time,Normal,Maybe,No,No
2021-10-12 12:38:01,19,Male,Indian,Bihar,Student,No,Similar during both,1st wave(2020),My health was not affected,Yes,Close friend,3.0,Not worried,4,Video Call,1,I felt no change,3,Not relevant for me,Improved,No change,No,No,,,Most of the time,Never,Most of the time,Never,Most of the time,Normal,No,No,No
2021-10-12 12:38:12,27,Female,India,Bihar,Student,No,2nd wave(2021),1st wave(2020),Similar during both,Yes,"Myself, Family member, Close friend",3.0,Little worried,2,Text,3,Interaction became difficult,4,Lost job/ Business Closed,Declined,Increase,No,Yes,No,None,Most of the time,Rarely,Most of the time,Sometimes,Most of the time,Stressed,Maybe,Yes,No
2021-10-12 12:49:38,23,Female,India,Bihar,Student,Yes,Similar during both,Similar during both,2nd wave(2021),Yes,Family member,3.0,Stressed,3,Call,3,I felt no change,4,Not relevant for me,Normal,Increase,No,Yes,Yes,Insurance,Rarely,Sometimes,Sometimes,Sometimes,Sometimes,Stressed,Maybe,Maybe,No
2021-10-12 12:55:14,21,Male,India,Karnataka,Student,Yes,Similar during both,Similar during both,1st wave(2020),Yes,Family member,3.0,Stressed,2,Call,2,Interaction became difficult,3,Not relevant for me,Declined,Decrease,No,Yes,Yes,Insurance,Most of the time,Most of the time,Most of the time,Most of the time,Most of the time,Stressed,Maybe,Maybe,Maybe
2021-10-12 12:58:02,23,Female,India,Bihar,Student,Yes,2nd wave(2021),2nd wave(2021),Similar during both,Yes,Family member,3.0,Little worried,4,Text,3,Interaction became difficult,4,No Change,Declined,Increase,No,Yes,Yes,None,Most of the time,Most of the time,Sometimes,Rarely,Sometimes,Stressed,No,Yes,Maybe
2021-10-12 12:59:30,23,Female,India,Bihar,Student,Yes,Similar during both,1st wave(2020),My health was not affected,No,,,,2,Text,3,Interaction became difficult,1,Not relevant for me,Declined,Increase,No,Yes,Yes,None,Most of the time,Sometimes,Sometimes,Rarely,Sometimes,Stressed,Yes,Yes,No
2021-10-12 13:04:08,19,Male,India,Uttar Pradesh,Student,Yes,2nd wave(2021),1st wave(2020),1st wave(2020),No,,,,2,Call,4,Interaction became difficult,3,Not relevant for me,Normal,Increase,No,Yes,No,None,Sometimes,Sometimes,Sometimes,Sometimes,Sometimes,Stressed,Maybe,Yes,Maybe
2021-10-12 13:10:13,20,Male,India,Bihar,Student,Yes,2nd wave(2021),2nd wave(2021),Similar during both,No,,,,2,Call,3,Interaction became difficult,3,Not relevant for me,Declined,Increase,No,No,,,Most of the time,Sometimes,Most of the time,Sometimes,Sometimes,Stressed,Yes,Yes,No
2021-10-12 13:13:43,22,Female,India,West Bengal,Student,Yes,1st wave(2020),2nd wave(2021),2nd wave(2021),Yes,Close friend,5.0,Stressed,2,Call,4,It became more interactive,3,Pay /Income decreased,Declined,No change,No,No,,,Most of the time,Sometimes,Sometimes,Sometimes,Sometimes,Stressed,Maybe,No,Maybe
2021-10-12 13:17:42,23,Female,India,Uttar Pradesh,Student,Yes,1st wave(2020),1st wave(2020),1st wave(2020),Yes,"Myself, Family member, Close friend",4.0,Little worried,2,Text,5,Interaction became difficult,3,Pay /Income decreased,Normal,No change,No,Yes,No,None,Sometimes,Sometimes,Rarely,Most of the time,Sometimes,Normal,Yes,Yes,Maybe
2021-10-12 13:27:42,22,Female,India,Uttar Pradesh,Student,Yes,Similar during both,2nd wave(2021),2nd wave(2021),Yes,Close friend,2.0,Stressed,1,Video Call,5,Interaction completely stopped,2,Not relevant for me,Declined,No change,No,Yes,Yes,None,Most of the time,Sometimes,Sometimes,Never,Sometimes,Stressed,Yes,Yes,Yes
2021-10-12 13:28:23,26,Female,India,Himanchal Pradesh,Student,No,1st wave(2020),Similar during both,My health was not affected,Yes,Family member,5.0,Stressed,3,Video Call,5,I felt no change,3,Not relevant for me,Declined,Increase,No,No,,,Sometimes,Sometimes,Rarely,Sometimes,Most of the time,Normal,Yes,Yes,No
2021-10-12 13:52:18,21,Male,india,Others,Student,No,Similar during both,2nd wave(2021),2nd wave(2021),Yes,Family member,3.0,Little worried,3,Video Call,3,Interaction became difficult,3,Not relevant for me,Declined,Decrease,No,Yes,No,None,Sometimes,Sometimes,Sometimes,Sometimes,Rarely,Normal,Yes,Yes,Yes
2021-10-12 14:07:27,19,Male,India,Rajasthan,Student,Yes,2nd wave(2021),2nd wave(2021),2nd wave(2021),Yes,"Myself, Family member, Close friend",3.0,Little worried,5,Text,3,I felt no change,5,Not relevant for me,Improved,Increase,No,Yes,Yes,None,Sometimes,Sometimes,Rarely,Rarely,Rarely,Normal,Yes,Yes,Yes
2021-10-12 14:07:38,21,Male,India,Others,Student,Yes,2nd wave(2021),2nd wave(2021),My health was not affected,No,,,,4,Call,3,It became more interactive,3,Not relevant for me,Normal,Increase,No,Yes,No,None,Sometimes,Rarely,Rarely,Rarely,Rarely,Stressed,Maybe,Yes,Maybe
2021-10-12 14:11:48,18,Female,India,Uttar Pradesh,Student,Yes,Similar during both,1st wave(2020),My health was not affected,Yes,Close friend,5.0,Stressed,2,Text,5,Interaction became difficult,5,Not relevant for me,Declined,Increase,Yes,Yes,Yes,Loan,Most of the time,Most of the time,Most of the time,Sometimes,Most of the time,Stressed,Yes,Yes,Maybe
2021-10-12 14:20:58,22,Female,India,Uttar Pradesh,Student,Yes,Similar during both,2nd wave(2021),2nd wave(2021),No,,,,3,Text,1,Interaction became difficult,3,Not relevant for me,Improved,Decrease,No,Yes,No,None,Most of the time,Most of the time,Most of the time,Most of the time,Most of the time,Normal,Yes,Yes,No
2021-10-12 14:27:48,21,Male,India,Jharkhand,Student,No,Similar during both,2nd wave(2021),2nd wave(2021),Yes,"Myself, Family member",5.0,Stressed,2,Video Call,5,Interaction completely stopped,2,Pay /Income decreased,Declined,Increase,No,Yes,No,None,Sometimes,Most of the time,Most of the time,Rarely,Sometimes,Stressed,Maybe,Yes,No
2021-10-12 14:33:39,20,Female,India,Uttar Pradesh,Student,No,Similar during both,2nd wave(2021),My health was not affected,Yes,Family member,3.0,Stressed,2,Call,4,Interaction became difficult,4,Not relevant for me,Normal,Increase,No,Yes,Yes,None,Sometimes,Most of the time,Sometimes,Most of the time,Most of the time,Stressed,No,Maybe,Yes
2021-10-12 14:38:24,20,Female,India,Uttar Pradesh,Student,No,2nd wave(2021),2nd wave(2021),2nd wave(2021),Yes,Family member,5.0,Stressed,1,Call,5,Interaction became difficult,2,Pay /Income decreased,Declined,No change,No,Yes,Yes,None,Most of the time,Most of the time,Most of the time,Rarely,Sometimes,Stressed,Yes,Yes,Maybe
2021-10-12 14:38:47,19,Male,India,Karnataka,Student,Yes,Similar during both,2nd wave(2021),2nd wave(2021),Yes,Myself,2.0,Little worried,2,Text,4,I felt no change,4,No Change,Normal,Increase,No,Yes,No,None,Rarely,Sometimes,Rarely,Sometimes,Rarely,Normal,Yes,Yes,Maybe
2021-10-12 14:42:30,23,Female,INDIA,Others,Student,Yes,Similar during both,2nd wave(2021),2nd wave(2021),Yes,Family member,4.0,Stressed,3,Text,5,Interaction became difficult,3,No Change,Declined,Increase,Yes,Yes,Yes,Insurance,Most of the time,Sometimes,Rarely,Sometimes,Most of the time,Stressed,Yes,Maybe,No
2021-10-12 14:43:37,19,Male,India,Andhra Pradesh,Student,Yes,1st wave(2020),1st wave(2020),1st wave(2020),Yes,Family member,3.0,Little worried,3,Video Call,5,Interaction became difficult,5,No Change,Declined,Increase,No,Yes,No,None,Most of the time,Sometimes,Most of the time,Sometimes,Sometimes,Relaxed,No,Yes,No
2021-10-12 14:43:51,19,Male,India,Karnataka,Student,Yes,Similar during both,1st wave(2020),2nd wave(2021),Yes,"Myself, Close friend",1.0,Little worried,4,Call,3,It became more interactive,1,No Change,Declined,Increase,No,No,,,Most of the time,Most of the time,Most of the time,Sometimes,Most of the time,Stressed,Yes,Yes,No
2021-10-12 14:46:33,23,Female,India,Bihar,Student,Yes,Similar during both,Similar during both,Similar during both,Yes,Myself,1.0,Little worried,4,Text,4,I felt no change,5,No Change,Normal,Increase,No,Yes,No,None,Most of the time,Most of the time,Most of the time,Sometimes,Sometimes,Normal,Yes,Yes,Yes
2021-10-12 15:04:37,22,Male,India,Uttar Pradesh,Student,Yes,Similar during both,1st wave(2020),My health was not affected,No,,,,2,Call,4,Interaction completely stopped,4,Not relevant for me,Declined,Decrease,No,No,,,Sometimes,Rarely,Most of the time,Sometimes,Rarely,Normal,Yes,Yes,Yes
2021-10-12 15:14:15,25,Female,India,Bihar,Student,No,Similar during both,Similar during both,2nd wave(2021),Yes,"Myself, Family member",2.0,Stressed,4,Video Call,3,It became more interactive,3,Not relevant for me,Normal,Increase,No,Yes,No,None,Most of the time,Most of the time,Most of the time,Sometimes,Most of the time,Normal,Maybe,Maybe,Maybe
2021-10-12 15:21:18,27,Female,India,Delhi,Student,No,Similar during both,Similar during both,2nd wave(2021),Yes,"Myself, Family member, Close friend",2.0,Little worried,4,Call,5,I felt no change,5,No Change,Declined,Decrease,No,No,,,Never,Never,Never,Never,Never,Not relevant,Yes,Yes,Yes
2021-10-12 15:30:19,21,Female,India,Bihar,Student,Yes,1st wave(2020),2nd wave(2021),2nd wave(2021),Yes,Close friend,2.0,Stressed,2,Call,4,Interaction became difficult,1,Not relevant for me,Declined,Decrease,No,Yes,No,None,Most of the time,Most of the time,Most of the time,Sometimes,Rarely,Stressed,No,Yes,Maybe
2021-10-12 15:36:22,21,Female,India,Uttar Pradesh,Student,No,Similar during both,Similar during both,Similar during both,Yes,Close friend,3.0,Stressed,2,Call,3,Interaction became difficult,3,Not relevant for me,Declined,Decrease,No,Yes,No,Loan,Most of the time,Most of the time,Most of the time,Sometimes,Most of the time,Stressed,Yes,Yes,No
2021-10-12 15:37:41,20,Female,India,Uttar Pradesh,Student,Yes,Similar during both,Similar during both,2nd wave(2021),Yes,Close friend,1.0,Little worried,4,Call,5,Interaction became difficult,1,Not relevant for me,Declined,No change,No,Yes,No,None,Most of the time,Most of the time,Most of the time,Rarely,Most of the time,Stressed,Yes,Yes,No
2021-10-12 15:53:07,24,Female,India,Bihar,Student,Yes,2nd wave(2021),2nd wave(2021),2nd wave(2021),Yes,Family member,2.0,Little worried,2,Text,4,I felt no change,3,No Change,Normal,Decrease,No,No,,,Rarely,Rarely,Rarely,Sometimes,Rarely,Relaxed,Yes,Yes,Yes
2021-10-12 15:53:56,23,Male,India,Madhya Pradesh,Student,Yes,Similar during both,2nd wave(2021),My health was not affected,Yes,"Family member, Close friend",4.0,Stressed,4,Call,5,It became more interactive,1,Not relevant for me,Declined,No change,No,No,,,Sometimes,Never,Sometimes,Never,Never,Normal,Yes,Yes,Yes
2021-10-12 15:59:53,18,Male,India,Uttar Pradesh,Student,Yes,1st wave(2020),1st wave(2020),My health was not affected,Yes,Family member,2.0,Stressed,5,Text,5,Interaction completely stopped,4,Not relevant for me,Declined,No change,Yes,Yes,Yes,None,Sometimes,Rarely,Most of the time,Never,Most of the time,Stressed,Yes,No,Yes
2021-10-12 16:10:35,19,Female,India,Uttar Pradesh,Student,Yes,Similar during both,1st wave(2020),2nd wave(2021),Yes,Close friend,3.0,Stressed,4,Text,5,I felt no change,4,No Change,Improved,Increase,No,No,,,Sometimes,Sometimes,Sometimes,Sometimes,Sometimes,Relaxed,Yes,Yes,Yes
2021-10-12 16:22:12,21,Male,India,Jharkhand,Student,No,1st wave(2020),Similar during both,My health was not affected,Yes,Family member,2.0,Little worried,3,Call,4,I felt no change,4,Not relevant for me,Normal,Decrease,No,Yes,Yes,None,Sometimes,Sometimes,Sometimes,Sometimes,Rarely,Relaxed,No,Yes,Maybe
2021-10-12 16:27:14,20,Male,india,Delhi,Student,Yes,Similar during both,2nd wave(2021),My health was not affected,Yes,Family member,4.0,Stressed,2,Text,2,Interaction became difficult,4,Pay /Income decreased,Declined,Decrease,No,Yes,No,None,Sometimes,Sometimes,Rarely,Most of the time,Sometimes,Normal,Yes,Yes,No
2021-10-12 16:48:04,20,Female,India,Uttar Pradesh,Student,Yes,Similar during both,Similar during both,2nd wave(2021),No,,,,1,Text,3,I felt no change,5,No Change,Declined,No change,No,No,,,Rarely,Rarely,Sometimes,Rarely,Rarely,Normal,Yes,Yes,Yes
2021-10-12 16:57:38,20,Female,India,Uttar Pradesh,Student,Yes,1st wave(2020),2nd wave(2021),2nd wave(2021),Yes,Close friend,3.0,Little worried,2,Text,3,I felt no change,4,Not relevant for me,Declined,Increase,No,Yes,Yes,None,Most of the time,Most of the time,Rarely,Most of the time,Sometimes,Stressed,Yes,Yes,Maybe
2021-10-12 17:06:31,20,Female,India,Uttar Pradesh,Student,Yes,2nd wave(2021),1st wave(2020),My health was not affected,Yes,Close friend,3.0,Stressed,3,Call,5,Interaction became difficult,1,Not relevant for me,Declined,Increase,No,Yes,No,None,Most of the time,Most of the time,Most of the time,Rarely,Most of the time,Stressed,Yes,Yes,Yes
2021-10-12 17:22:30,18,Female,India,Uttar Pradesh,Student,Yes,1st wave(2020),1st wave(2020),My health was not affected,Yes,Close friend,1.0,Little worried,3,Text,4,It became more interactive,4,Not relevant for me,Normal,No change,No,No,,,Sometimes,Most of the time,Most of the time,Sometimes,Most of the time,Normal,Yes,Maybe,Yes
2021-10-12 17:24:01,19,Female,India,Uttar Pradesh,Student,Yes,2nd wave(2021),2nd wave(2021),2nd wave(2021),Yes,Family member,4.0,Stressed,1,Text,5,Interaction became difficult,3,Pay /Income decreased,Declined,Increase,No,Yes,No,Insurance,Sometimes,Never,Never,Sometimes,Never,Stressed,No,Yes,No
2021-10-12 17:24:17,18,Female,India,Uttar Pradesh,Student,Yes,2nd wave(2021),2nd wave(2021),2nd wave(2021),Yes,Close friend,3.0,Little worried,3,Text,4,I felt no change,3,Not relevant for me,Normal,Decrease,No,No,,,Sometimes,Most of the time,Most of the time,Sometimes,Sometimes,Normal,Maybe,Maybe,Maybe
2021-10-12 17:35:24,20,Female,India,Delhi,Student,Yes,Similar during both,2nd wave(2021),1st wave(2020),Yes,Family member,4.0,Stressed,4,Call,3,Interaction became difficult,3,Not relevant for me,Declined,No change,No,Yes,Yes,None,Sometimes,Most of the time,Most of the time,Never,Rarely,Stressed,Maybe,Yes,Maybe
2021-10-12 17:56:22,20,Female,India,Uttar Pradesh,Student,Yes,Similar during both,2nd wave(2021),2nd wave(2021),Yes,"Family member, Close friend",3.0,Little worried,2,Text,4,Interaction became difficult,1,Pay /Income decreased,Declined,No change,No,Yes,Yes,None,Most of the time,Sometimes,Rarely,Sometimes,Sometimes,Stressed,Yes,Maybe,Yes
2021-10-12 17:58:40,20,Female,India,Uttar Pradesh,Student,Yes,Similar during both,Similar during both,2nd wave(2021),Yes,"Family member, Close friend",5.0,Stressed,5,Call,5,It became more interactive,5,Not relevant for me,Normal,Increase,No,No,,,Most of the time,Most of the time,Most of the time,Rarely,Most of the time,Not relevant,Yes,Yes,Yes
2021-10-12 18:00:14,19,Female,India,Uttar Pradesh,Student,Yes,1st wave(2020),2nd wave(2021),My health was not affected,Yes,"Family member, Close friend",4.0,Little worried,2,Text,4,Interaction became difficult,4,Not relevant for me,Declined,Increase,No,Yes,Yes,None,Most of the time,Most of the time,Sometimes,Sometimes,Sometimes,Stressed,Maybe,Yes,No
2021-10-12 18:23:53,19,Female,India,Uttar Pradesh,Student,Yes,2nd wave(2021),1st wave(2020),My health was not affected,No,,,,1,Call,3,I felt no change,1,Not relevant for me,Normal,Decrease,No,Yes,No,None,Sometimes,Rarely,Most of the time,Sometimes,Sometimes,Normal,Yes,Yes,Yes
2021-10-12 18:28:08,19,Female,India,Uttar Pradesh,Student,Yes,2nd wave(2021),2nd wave(2021),2nd wave(2021),Yes,Family member,5.0,Stressed,2,Call,5,I felt no change,4,No Change,Normal,No change,No,Yes,No,None,Sometimes,Sometimes,Sometimes,Sometimes,Most of the time,Normal,Yes,No,No
2021-10-12 18:39:13,22,Female,INDIA,Bihar,Student,Yes,Similar during both,2nd wave(2021),2nd wave(2021),Yes,Close friend,5.0,Stressed,3,Call,5,Interaction became difficult,4,Not relevant for me,Declined,Increase,No,Yes,Yes,Insurance,Sometimes,Sometimes,Sometimes,Sometimes,Sometimes,Stressed,Yes,Maybe,Maybe
2021-10-12 18:46:42,19,Female,India,Uttar Pradesh,Student,Yes,1st wave(2020),1st wave(2020),2nd wave(2021),Yes,Family member,2.0,Little worried,1,Video Call,2,Interaction became difficult,4,Lost job/ Business Closed,Normal,Increase,No,Yes,No,None,Most of the time,Most of the time,Most of the time,Never,Sometimes,Normal,Yes,Yes,Maybe
2021-10-12 19:00:29,19,Female,India,Uttar Pradesh,Student,No,2nd wave(2021),2nd wave(2021),My health was not affected,Yes,Family member,5.0,Stressed,5,Video Call,4,Interaction became difficult,5,Not relevant for me,Normal,No change,No,No,,,Sometimes,Most of the time,Most of the time,Sometimes,Most of the time,Normal,Maybe,Maybe,Yes
2021-10-12 19:05:15,19,Male,INDIA,Uttar Pradesh,Student,Yes,1st wave(2020),Similar during both,2nd wave(2021),No,,,,3,Call,4,Interaction became difficult,5,Not relevant for me,Improved,Increase,No,Yes,Yes,Insurance,Sometimes,Sometimes,Most of the time,Sometimes,Never,Stressed,Yes,Yes,Maybe
2021-10-12 19:15:57,20,Female,India,Uttar Pradesh,Student,Yes,Similar during both,Similar during both,Similar during both,Yes,"Myself, Family member",1.0,Little worried,1,Call,5,Interaction completely stopped,3,Not relevant for me,Declined,No change,Yes,Yes,Yes,None,Most of the time,Most of the time,Never,Sometimes,Rarely,Stressed,Maybe,Maybe,Maybe
2021-10-12 19:34:47,17,Male,India,Uttar Pradesh,Student,Yes,Similar during both,2nd wave(2021),My health was not affected,No,,,,2,Call,4,It became more interactive,3,Lost job/ Business Closed,Declined,Increase,No,Yes,No,Loan,Most of the time,Rarely,Sometimes,Rarely,Most of the time,Stressed,Yes,Yes,Maybe
2021-10-12 19:42:14,19,Female,India,Uttar Pradesh,Student,Yes,2nd wave(2021),2nd wave(2021),2nd wave(2021),Yes,Close friend,5.0,Stressed,2,Video Call,5,Interaction became difficult,3,Lost job/ Business Closed,Declined,No change,No,Yes,No,None,Most of the time,Most of the time,Sometimes,Sometimes,Sometimes,Stressed,Yes,Yes,Maybe
2021-10-12 19:58:45,21,Female,India,Bihar,Student,Yes,2nd wave(2021),2nd wave(2021),2nd wave(2021),Yes,"Myself, Family member",4.0,Stressed,1,Call,5,I felt no change,2,No Change,Improved,No change,No,Yes,No,None,Rarely,Never,Rarely,Never,Never,Stressed,Yes,Yes,Yes
2021-10-12 20:26:03,20,Male,India,Uttar Pradesh,Student,Yes,Similar during both,1st wave(2020),My health was not affected,Yes,Close friend,3.0,Little worried,3,Call,4,I felt no change,4,Not relevant for me,Improved,Decrease,No,No,,,Sometimes,Sometimes,Sometimes,Never,Rarely,Normal,Yes,Yes,Maybe
2021-10-12 21:22:34,22,Female,India,Uttar Pradesh,Student,Yes,1st wave(2020),1st wave(2020),1st wave(2020),Yes,Family member,5.0,Stressed,1,Text,1,Interaction completely stopped,5,No Change,Declined,Decrease,No,Yes,No,None,Sometimes,Most of the time,Sometimes,Most of the time,Most of the time,Stressed,No,Maybe,Yes
2021-10-12 21:57:09,21,Male,India,Jharkhand,Student,No,2nd wave(2021),2nd wave(2021),2nd wave(2021),Yes,Family member,5.0,Stressed,3,Text,5,Interaction became difficult,4,Not relevant for me,Declined,Increase,No,Yes,Yes,None,Rarely,Sometimes,Sometimes,Sometimes,Sometimes,Stressed,No,No,No
2021-10-12 22:20:14,17,Female,India,Jharkhand,Student,Yes,1st wave(2020),2nd wave(2021),My health was not affected,Yes,Family member,4.0,Stressed,2,Call,3,Interaction completely stopped,1,Pay /Income decreased,Normal,Increase,No,Yes,No,None,Sometimes,Most of the time,Most of the time,Sometimes,Sometimes,Normal,No,Yes,No
2021-10-12 22:40:52,20,Female,India,Uttar Pradesh,Student,Yes,Similar during both,Similar during both,My health was not affected,Yes,"Family member, Close friend",5.0,Stressed,3,Text,3,It became more interactive,4,Not relevant for me,Normal,Increase,No,No,,,Sometimes,Sometimes,Rarely,Rarely,Sometimes,Stressed,No,Maybe,Maybe
2021-10-12 22:45:31,18,Male,India,Uttar Pradesh,Student,Yes,Similar during both,Similar during both,Similar during both,Yes,Family member,4.0,Little worried,5,Call,4,It became more interactive,5,Not relevant for me,Normal,Increase,No,Yes,Yes,None,Sometimes,Rarely,Never,Most of the time,Never,Normal,Yes,Yes,Yes
2021-10-12 22:49:37,18,Male,INDIA,Uttar Pradesh,Student,Yes,2nd wave(2021),2nd wave(2021),My health was not affected,Yes,Family member,3.0,Stressed,1,Text,4,Interaction completely stopped,5,No Change,Declined,Decrease,Yes,Yes,No,Insurance,Most of the time,Sometimes,Most of the time,Most of the time,Rarely,Stressed,Yes,Yes,Yes
2021-10-13 09:08:56,20,Female,India,Jharkhand,Student,Yes,2nd wave(2021),2nd wave(2021),My health was not affected,Yes,Family member,5.0,Stressed,5,Video Call,5,I felt no change,5,No Change,Declined,No change,No,Yes,No,None,Most of the time,Sometimes,Most of the time,Sometimes,Most of the time,Stressed,Yes,Yes,No
2021-10-13 10:54:21,19,Female,India,Uttar Pradesh,Student,Yes,Similar during both,1st wave(2020),My health was not affected,Yes,Close friend,3.0,Stressed,1,Video Call,1,Interaction became difficult,3,Pay /Income decreased,Declined,Decrease,No,Yes,Yes,None,Most of the time,Most of the time,Most of the time,Most of the time,Most of the time,Stressed,Yes,No,Maybe
2021-10-13 13:27:21,23,Female,India,Bihar,Student,Yes,1st wave(2020),2nd wave(2021),My health was not affected,Yes,Close friend,5.0,Little worried,5,Call,5,It became more interactive,5,Not relevant for me,Declined,No change,No,No,,,Most of the time,Sometimes,Most of the time,Rarely,Most of the time,Stressed,Yes,Maybe,Yes
2021-10-13 14:13:02,23,Female,India,Bihar,Student,Yes,2nd wave(2021),2nd wave(2021),2nd wave(2021),Yes,Family member,5.0,Stressed,5,Text,5,It became more interactive,1,Pay /Income decreased,Declined,Increase,No,Yes,No,None,Most of the time,Most of the time,Sometimes,Sometimes,Most of the time,Stressed,No,Yes,No
2021-10-13 18:32:00,21,Male,India,Uttar Pradesh,Student,No,2nd wave(2021),2nd wave(2021),2nd wave(2021),Yes,Family member,3.0,Little worried,1,Text,1,Interaction completely stopped,5,No Change,Declined,Increase,Yes,Yes,Yes,Insurance,Rarely,Never,Never,Sometimes,Never,Normal,Yes,Yes,Maybe
2021-10-13 18:35:41,20,Female,India,Delhi,Student,Yes,Similar during both,Similar during both,My health was not affected,No,,,,1,Video Call,4,Interaction became difficult,1,Not relevant for me,Normal,Increase,No,Yes,No,None,Most of the time,Most of the time,Sometimes,Rarely,Sometimes,Normal,Maybe,Yes,Maybe
2021-10-13 20:42:48,23,Female,India,Bihar,Student,No,2nd wave(2021),2nd wave(2021),My health was not affected,No,,,,1,Text,1,Interaction completely stopped,1,Not relevant for me,Declined,Increase,No,Yes,No,None,Most of the time,Most of the time,Most of the time,Most of the time,Most of the time,Stressed,Maybe,Maybe,Maybe
2021-10-13 21:13:10,19,Female,India,Uttar Pradesh,Student,Yes,2nd wave(2021),2nd wave(2021),2nd wave(2021),Yes,Family member,3.0,Stressed,1,Call,4,Interaction became difficult,4,Not relevant for me,Declined,Decrease,No,No,,,Most of the time,Most of the time,Most of the time,Rarely,Most of the time,Stressed,Yes,Maybe,Yes
2021-10-14 12:04:37,21,Male,India,Uttar Pradesh,Student,No,Similar during both,Similar during both,My health was not affected,Yes,Family member,4.0,Little worried,2,Call,4,Interaction became difficult,2,Not relevant for me,Normal,Increase,No,No,,,Most of the time,Sometimes,Sometimes,Rarely,Rarely,Stressed,Yes,Maybe,No
2021-10-15 09:56:42,14,Female,India,Uttar Pradesh,Student,Yes,Similar during both,1st wave(2020),My health was not affected,Yes,Family member,3.0,Little worried,4,Text,5,I felt no change,4,Not relevant for me,Improved,Increase,No,Yes,Yes,None,Rarely,Never,Sometimes,Sometimes,Rarely,Relaxed,Yes,Yes,Maybe
2021-10-15 15:13:03,21,Female,India,Bihar,Student,Yes,2nd wave(2021),2nd wave(2021),2nd wave(2021),Yes,"Myself, Family member",4.0,Stressed,1,Text,2,Interaction completely stopped,1,Not relevant for me,Declined,Increase,Yes,Yes,Yes,None,Most of the time,Most of the time,Sometimes,Sometimes,Most of the time,Stressed,Yes,Maybe,No
2021-10-15 15:52:07,19,Male,India,Uttrakhand,Student,Yes,Similar during both,Similar during both,My health was not affected,No,,,,5,Call,5,It became more interactive,5,Lost job/ Business Closed,Declined,Increase,No,Yes,No,None,Most of the time,Never,Sometimes,Rarely,Never,Relaxed,Yes,Yes,No
2021-10-15 16:24:19,19,Male,India,Uttar Pradesh,Student,Yes,1st wave(2020),Similar during both,1st wave(2020),No,,,,5,Call,5,It became more interactive,5,Not relevant for me,Declined,Decrease,No,No,,,Most of the time,Never,Never,Sometimes,Never,Stressed,Yes,Maybe,Yes
2021-10-15 17:11:27,20,Female,India,Jharkhand,Student,Yes,Similar during both,1st wave(2020),My health was not affected,Yes,Family member,3.0,Stressed,5,Text,5,I felt no change,1,Not relevant for me,Improved,No change,No,No,,,Most of the time,Rarely,Sometimes,Rarely,Sometimes,Normal,Yes,Maybe,Maybe
2021-10-15 18:24:39,20,Male,India,Uttar Pradesh,Student,No,Similar during both,1st wave(2020),My health was not affected,No,,,,3,Text,1,Interaction became difficult,2,No Change,Declined,Increase,No,Yes,No,None,Rarely,Sometimes,Never,Rarely,Sometimes,Stressed,Maybe,No,No
2021-10-15 18:35:07,20,Male,India,Delhi,Student,No,Similar during both,1st wave(2020),My health was not affected,Yes,Close friend,3.0,Little worried,4,Text,5,Interaction became difficult,3,Not relevant for me,Declined,Decrease,No,No,,,Most of the time,Sometimes,Most of the time,Most of the time,Sometimes,Stressed,Yes,Yes,Yes
2021-10-15 18:39:21,21,Male,India,Uttar Pradesh,Student,No,1st wave(2020),Similar during both,Similar during both,Yes,Close friend,1.0,Not worried,5,Text,5,It became more interactive,3,Lost job/ Business Closed,Normal,No change,No,Yes,No,None,Sometimes,Most of the time,Most of the time,Sometimes,Sometimes,Stressed,No,No,No
2021-10-15 20:50:49,21,Male,India,Jharkhand,Student,No,1st wave(2020),2nd wave(2021),2nd wave(2021),Yes,Family member,4.0,Stressed,4,Call,5,Interaction completely stopped,4,Not relevant for me,Normal,Increase,Yes,Yes,No,None,Sometimes,Sometimes,Rarely,Never,Rarely,Normal,Maybe,Yes,Maybe
2021-10-15 21:31:03,24,Male,India,Jharkhand,Student,Yes,Similar during both,Similar during both,My health was not affected,Yes,Family member,4.0,Stressed,1,Text,3,Interaction became difficult,4,Pay /Income decreased,Normal,No change,No,No,,,Sometimes,Never,Never,Sometimes,Never,Normal,Yes,Yes,Yes
2021-10-15 21:33:32,22,Female,India,Uttar Pradesh,Student,Yes,1st wave(2020),1st wave(2020),My health was not affected,Yes,Close friend,3.0,Little worried,1,Text,5,Interaction completely stopped,1,Pay /Income decreased,Normal,Decrease,No,Yes,No,None,Most of the time,Sometimes,Most of the time,Sometimes,Sometimes,Normal,Yes,Yes,Yes
2021-10-15 21:40:38,20,Female,India,Uttar Pradesh,Student,Yes,1st wave(2020),1st wave(2020),My health was not affected,Yes,Close friend,3.0,Little worried,1,Text,3,Interaction completely stopped,1,Pay /Income decreased,Declined,Decrease,No,Yes,No,None,Most of the time,Most of the time,Most of the time,Rarely,Most of the time,Stressed,Maybe,Yes,Yes
2021-10-15 22:08:54,20,Male,India,Uttar Pradesh,Student,Yes,1st wave(2020),1st wave(2020),My health was not affected,Yes,Close friend,3.0,Little worried,2,Video Call,4,Interaction became difficult,2,No Change,Normal,Decrease,No,No,,,Sometimes,Sometimes,Sometimes,Sometimes,Sometimes,Normal,No,No,No
2021-10-15 22:22:46,20,Male,India,Uttar Pradesh,Student,Yes,2nd wave(2021),2nd wave(2021),2nd wave(2021),Yes,"Family member, Close friend",3.0,Stressed,4,Others,5,I felt no change,5,Pay /Income decreased,Declined,Increase,No,Yes,No,None,Most of the time,Sometimes,Most of the time,Sometimes,Most of the time,Stressed,No,Maybe,Yes
2021-10-16 07:42:57,18,Male,India,Uttar Pradesh,Student,No,2nd wave(2021),2nd wave(2021),2nd wave(2021),Yes,"Myself, Family member",2.0,Little worried,3,Call,3,I felt no change,1,Not relevant for me,Declined,Decrease,No,Yes,Yes,None,Most of the time,Most of the time,Sometimes,Most of the time,Most of the time,Stressed,Yes,Yes,Maybe
2021-10-16 09:30:21,20,Female,India,Gujarat,Student,No,Similar during both,1st wave(2020),2nd wave(2021),Yes,"Family member, Close friend",2.0,Little worried,3,Call,4,Interaction became difficult,5,Not relevant for me,Declined,Increase,No,Yes,Yes,Insurance,Most of the time,Rarely,Sometimes,Never,Rarely,Normal,Yes,Yes,Maybe
2021-10-16 10:59:56,19,Female,India,Uttar Pradesh,Student,Yes,Similar during both,1st wave(2020),Similar during both,Yes,Family member,3.0,Stressed,3,Text,4,I felt no change,4,Not relevant for me,Declined,Increase,No,Yes,Yes,None,Most of the time,Sometimes,Sometimes,Sometimes,Sometimes,Stressed,No,Maybe,Maybe
2021-10-16 11:02:53,20,Male,India,Delhi,Student,No,Similar during both,2nd wave(2021),Similar during both,Yes,"Family member, Close friend",5.0,Stressed,4,Call,3,I felt no change,5,Not relevant for me,Declined,No change,No,Yes,Yes,Insurance,Most of the time,Most of the time,Never,Sometimes,Most of the time,Stressed,Yes,Yes,Yes
2021-10-16 11:04:26,21,Male,India,Uttrakhand,Student,No,Similar during both,2nd wave(2021),2nd wave(2021),Yes,"Myself, Family member, Close friend",4.0,Stressed,1,Text,3,Interaction completely stopped,4,No Change,Declined,Increase,No,No,,,Most of the time,Sometimes,Sometimes,Never,Most of the time,Normal,Yes,Maybe,Maybe
2021-10-16 11:04:42,20,Female,India,Uttar Pradesh,Student,No,Similar during both,2nd wave(2021),1st wave(2020),Yes,Close friend,2.0,Little worried,3,Text,3,Interaction became difficult,3,Not relevant for me,Normal,Increase,No,Yes,Yes,None,Most of the time,Rarely,Sometimes,Sometimes,Sometimes,Normal,Maybe,Yes,Yes
2021-10-16 11:04:45,19,Male,India,Uttar Pradesh,Student,Yes,Similar during both,Similar during both,My health was not affected,Yes,Close friend,3.0,Little worried,4,Call,5,I felt no change,5,Not relevant for me,Normal,No change,No,No,,,Sometimes,Rarely,Sometimes,Rarely,Sometimes,Stressed,Yes,Yes,Maybe
2021-10-16 11:08:05,19,Female,India,Rajasthan,Student,Yes,Similar during both,2nd wave(2021),My health was not affected,Yes,Family member,5.0,Little worried,3,Text,2,I felt no change,5,Not relevant for me,Declined,Increase,No,Yes,Yes,None,Sometimes,Most of the time,Most of the time,Most of the time,Most of the time,Normal,Yes,Yes,Yes
2021-10-16 11:10:26,20,Male,India,Uttar Pradesh,Student,Yes,2nd wave(2021),2nd wave(2021),2nd wave(2021),Yes,"Myself, Family member",5.0,Stressed,4,Call,1,Interaction became difficult,4,Not relevant for me,Declined,Increase,No,Yes,Yes,Insurance,Most of the time,Sometimes,Sometimes,Sometimes,Most of the time,Stressed,Maybe,Maybe,No
2021-10-16 11:14:00,29,Male,India,Others,Student,No,2nd wave(2021),2nd wave(2021),2nd wave(2021),Yes,"Myself, Family member, Close friend",3.0,Stressed,3,Text,4,I felt no change,3,Not relevant for me,Normal,No change,No,No,,,Rarely,Rarely,Rarely,Never,Rarely,Relaxed,Yes,Yes,Yes
2021-10-16 11:20:24,18,Male,India,Uttrakhand,Student,No,Similar during both,Similar during both,1st wave(2020),Yes,"Myself, Family member",5.0,Stressed,2,Call,3,Interaction completely stopped,3,Not relevant for me,Declined,Decrease,No,Yes,No,None,Most of the time,Sometimes,Sometimes,Most of the time,Most of the time,Stressed,Yes,Yes,Maybe
2021-10-16 11:22:48,24,Male,India,Uttar Pradesh,Student,Yes,1st wave(2020),1st wave(2020),1st wave(2020),Yes,Family member,4.0,Stressed,5,Call,3,Interaction became difficult,4,Pay /Income decreased,Improved,Increase,No,Yes,Yes,Insurance,Sometimes,Sometimes,Sometimes,Most of the time,Sometimes,Normal,Yes,Yes,Yes
2021-10-16 11:30:18,19,Male,India,Manipur,Student,No,Similar during both,Similar during both,My health was not affected,Yes,Close friend,4.0,Stressed,1,Video Call,2,Interaction became difficult,4,Not relevant for me,Declined,No change,No,Yes,Yes,Insurance,Most of the time,Most of the time,Rarely,Sometimes,Most of the time,Stressed,Maybe,Maybe,Maybe
2021-10-16 11:32:37,19,Male,India,Uttar Pradesh,Student,No,2nd wave(2021),2nd wave(2021),My health was not affected,Yes,Family member,4.0,Little worried,3,Call,2,Interaction became difficult,4,No Change,Normal,Increase,No,Yes,No,None,Sometimes,Never,Sometimes,Most of the time,Sometimes,Normal,Yes,Yes,Maybe
2021-10-16 11:32:46,20,Female,India,Delhi,Student,Yes,1st wave(2020),1st wave(2020),1st wave(2020),No,,,,3,Call,3,Interaction became difficult,4,No Change,Normal,Increase,No,Yes,Yes,Insurance,Sometimes,Sometimes,Sometimes,Rarely,Sometimes,Stressed,Maybe,Maybe,Maybe
2021-10-16 11:38:11,20,Male,India,Delhi,Student,Yes,Similar during both,Similar during both,My health was not affected,Yes,Family member,3.0,Little worried,2,Video Call,3,Interaction completely stopped,4,No Change,Declined,Increase,No,Yes,Yes,None,Rarely,Most of the time,Most of the time,Sometimes,Sometimes,Stressed,Yes,Yes,Yes
2021-10-16 11:45:08,20,Female,India,Delhi,Student,No,Similar during both,2nd wave(2021),1st wave(2020),Yes,Family member,2.0,Little worried,2,Call,4,Interaction completely stopped,1,Not relevant for me,Declined,Decrease,No,Yes,Yes,Insurance,Sometimes,Sometimes,Most of the time,Most of the time,Sometimes,Stressed,No,Yes,Yes
2021-10-16 11:47:37,20,Male,India,Uttar Pradesh,Student,No,Similar during both,2nd wave(2021),2nd wave(2021),Yes,Family member,3.0,Stressed,4,Call,2,It became more interactive,4,Not relevant for me,Declined,No change,No,No,,,Sometimes,Most of the time,Most of the time,Sometimes,Sometimes,Stressed,Yes,Yes,No
2021-10-16 11:54:41,19,Male,India,Uttar Pradesh,Student,Yes,1st wave(2020),1st wave(2020),1st wave(2020),Yes,Close friend,3.0,Little worried,2,Text,2,Interaction became difficult,2,Not relevant for me,Normal,Decrease,No,No,,,Sometimes,Rarely,Sometimes,Sometimes,Rarely,Relaxed,Yes,Yes,Yes
2021-10-16 11:57:02,23,Female,India,Rajasthan,Student,Yes,1st wave(2020),1st wave(2020),1st wave(2020),Yes,Family member,3.0,Stressed,2,Call,5,Interaction became difficult,2,Not relevant for me,Declined,Increase,No,Yes,Yes,None,Most of the time,Most of the time,Most of the time,Most of the time,Most of the time,Stressed,Yes,Yes,No
2021-10-16 12:03:55,30,Female,India,Himanchal Pradesh,Student,No,Similar during both,2nd wave(2021),2nd wave(2021),Yes,"Myself, Close friend",3.0,Stressed,2,Text,2,Interaction became difficult,3,Not relevant for me,Declined,Increase,No,Yes,No,Loan,Most of the time,Sometimes,Most of the time,Sometimes,Most of the time,Stressed,Yes,Yes,No
2021-10-16 12:04:51,21,Male,India,Uttar Pradesh,Student,Yes,Similar during both,2nd wave(2021),2nd wave(2021),Yes,Family member,2.0,Not worried,5,Text,2,It became more interactive,3,Not relevant for me,Declined,Increase,No,Yes,Yes,Insurance,Sometimes,Sometimes,Most of the time,Sometimes,Sometimes,Stressed,Maybe,Maybe,No
2021-10-16 12:16:39,24,Male,India,Uttar Pradesh,Student,Yes,Similar during both,2nd wave(2021),2nd wave(2021),No,,,,3,Video Call,5,I felt no change,5,Not relevant for me,Declined,Increase,No,Yes,Yes,None,Sometimes,Rarely,Never,Never,Never,Not relevant,No,Yes,No
2021-10-16 12:16:49,18,Male,India,Delhi,Student,Yes,Similar during both,Similar during both,Similar during both,No,,,,1,Others,1,Interaction completely stopped,1,Not relevant for me,Declined,Increase,No,Yes,Yes,Loan,Most of the time,Most of the time,Most of the time,Most of the time,Most of the time,Stressed,Maybe,No,Maybe
2021-10-16 12:19:18,21,Female,India,Uttar Pradesh,Student,No,1st wave(2020),Similar during both,My health was not affected,Yes,"Family member, Close friend",5.0,Little worried,1,Call,5,Interaction became difficult,3,Not relevant for me,Declined,Increase,No,Yes,No,None,Most of the time,Rarely,Sometimes,Rarely,Sometimes,Stressed,No,No,No
2021-10-16 12:22:22,21,Male,India,Uttar Pradesh,Student,Yes,1st wave(2020),2nd wave(2021),My health was not affected,Yes,"Family member, Close friend",3.0,Little worried,5,Video Call,5,I felt no change,3,Not relevant for me,Normal,Increase,Yes,No,,,Most of the time,Never,Rarely,Sometimes,Sometimes,Stressed,Yes,Yes,Yes
2021-10-16 12:43:39,21,Female,India,Rajasthan,Student,No,2nd wave(2021),2nd wave(2021),2nd wave(2021),Yes,"Myself, Family member",3.0,Stressed,2,Call,5,Interaction became difficult,3,No Change,Declined,Increase,No,Yes,Yes,None,Most of the time,Sometimes,Sometimes,Sometimes,Sometimes,Stressed,No,Yes,Maybe
2021-10-16 13:06:29,22,Male,India,Delhi,Student,No,1st wave(2020),1st wave(2020),My health was not affected,Yes,Family member,3.0,Little worried,1,Video Call,4,Interaction became difficult,5,Not relevant for me,Declined,No change,No,No,,,Sometimes,Sometimes,Sometimes,Sometimes,Rarely,Normal,No,Yes,No
2021-10-16 13:13:48,20,Female,India,Delhi,Student,No,2nd wave(2021),1st wave(2020),My health was not affected,Yes,Family member,2.0,Little worried,2,Call,3,Interaction became difficult,3,Not relevant for me,Declined,No change,No,Yes,Yes,None,Most of the time,Sometimes,Sometimes,Rarely,Rarely,Stressed,Maybe,Yes,Maybe
2021-10-16 13:15:36,15,Female,India,Delhi,Student,Yes,2nd wave(2021),2nd wave(2021),2nd wave(2021),Yes,Family member,4.0,Stressed,2,Text,3,Interaction became difficult,4,Not relevant for me,Declined,Increase,No,Yes,Yes,None,Sometimes,Sometimes,Sometimes,Sometimes,Sometimes,Stressed,Yes,Yes,Yes
2021-10-16 13:47:12,18,Male,India,Uttar Pradesh,Student,Yes,Similar during both,Similar during both,My health was not affected,No,,,,2,Call,2,Interaction became difficult,3,Not relevant for me,Normal,Decrease,No,No,,,Sometimes,Sometimes,Sometimes,Sometimes,Sometimes,Normal,No,No,No
2021-10-16 13:48:48,20,Male,India,Delhi,Student,Yes,1st wave(2020),1st wave(2020),My health was not affected,Yes,Family member,3.0,Little worried,1,Text,3,I felt no change,4,Not relevant for me,Normal,Increase,No,Yes,No,None,Sometimes,Sometimes,Rarely,Rarely,Sometimes,Normal,Yes,Yes,Yes
2021-10-16 14:22:05,27,Female,India,Delhi,Student,Yes,1st wave(2020),1st wave(2020),1st wave(2020),Yes,Family member,4.0,Stressed,3,Text,1,Interaction became difficult,5,No Change,Declined,Decrease,No,Yes,No,None,Most of the time,Sometimes,Most of the time,Sometimes,Most of the time,Stressed,Maybe,Yes,No
2021-10-16 14:30:02,20,Male,India,Uttar Pradesh,Student,No,Similar during both,2nd wave(2021),My health was not affected,Yes,Close friend,5.0,Little worried,3,Call,4,Interaction became difficult,5,Not relevant for me,Declined,Increase,No,Yes,Yes,Insurance,Sometimes,Most of the time,Most of the time,Sometimes,Rarely,Stressed,Yes,Yes,Maybe
2021-10-16 14:55:40,20,Female,India,Rajasthan,Student,Yes,1st wave(2020),1st wave(2020),1st wave(2020),Yes,Family member,5.0,Little worried,5,Call,5,Interaction became difficult,3,Not relevant for me,Declined,Decrease,No,No,,,Rarely,Rarely,Sometimes,Sometimes,Sometimes,Stressed,Yes,Yes,Maybe
2021-10-16 15:24:17,23,Female,India,Madhya Pradesh,Student,Yes,2nd wave(2021),2nd wave(2021),Similar during both,Yes,Family member,5.0,Stressed,4,Call,5,I felt no change,3,No Change,Declined,Increase,No,Yes,No,None,Most of the time,Sometimes,Most of the time,Sometimes,Sometimes,Stressed,Maybe,Yes,Maybe
2021-10-16 16:02:18,19,Male,India,Uttar Pradesh,Student,Yes,Similar during both,2nd wave(2021),2nd wave(2021),Yes,Myself,3.0,Stressed,2,Call,5,Interaction became difficult,4,No Change,Declined,Increase,No,Yes,Yes,None,Most of the time,Most of the time,Most of the time,Rarely,Most of the time,Stressed,Yes,Yes,No
2021-10-16 16:28:41,21,Female,India,Uttar Pradesh,Student,Yes,Similar during both,1st wave(2020),2nd wave(2021),Yes,"Family member, Close friend",3.0,Stressed,1,Text,5,Interaction became difficult,3,Not relevant for me,Declined,No change,No,Yes,No,None,Sometimes,Sometimes,Sometimes,Sometimes,Sometimes,Normal,Yes,Maybe,Maybe
2021-10-16 16:51:38,15,Male,india,Uttar Pradesh,Student,Yes,1st wave(2020),1st wave(2020),My health was not affected,Yes,Close friend,3.0,Not worried,2,Text,4,Interaction completely stopped,5,Not relevant for me,Declined,Decrease,No,Yes,Yes,None,Most of the time,Sometimes,Most of the time,Rarely,Never,Stressed,Maybe,Maybe,Maybe
2021-10-16 17:57:39,20,Female,India,Uttar Pradesh,Student,No,Similar during both,2nd wave(2021),My health was not affected,Yes,Family member,5.0,Stressed,2,Text,4,It became more interactive,5,Not relevant for me,Declined,Increase,No,Yes,No,None,Most of the time,Rarely,Most of the time,Most of the time,Most of the time,Stressed,Maybe,Yes,No
2021-10-17 08:11:33,22,Female,India,Odisha,Student,Yes,1st wave(2020),1st wave(2020),1st wave(2020),Yes,"Myself, Family member, Close friend",1.0,Little worried,3,Text,5,I felt no change,1,No Change,Improved,Decrease,No,No,,,Most of the time,Rarely,Sometimes,Rarely,Rarely,Relaxed,Yes,Yes,Maybe
2021-10-18 12:17:56,20,Male,India,Uttar Pradesh,Student,Yes,Similar during both,Similar during both,My health was not affected,Yes,Family member,1.0,Little worried,3,Video Call,4,Interaction became difficult,5,Not relevant for me,Declined,No change,No,Yes,Yes,Insurance,Sometimes,Sometimes,Most of the time,Sometimes,Sometimes,Stressed,Maybe,Yes,Maybe
2021-10-18 12:21:30,20,Male,India,Uttar Pradesh,Student,Yes,2nd wave(2021),2nd wave(2021),2nd wave(2021),Yes,Family member,1.0,Little worried,4,Call,4,It became more interactive,1,Not relevant for me,Declined,No change,No,Yes,Yes,None,Sometimes,Most of the time,Never,Never,Sometimes,Stressed,No,No,No
2021-10-18 12:30:14,17,Female,India,Himanchal Pradesh,Student,No,1st wave(2020),1st wave(2020),1st wave(2020),Yes,Family member,5.0,Stressed,2,Text,2,Interaction became difficult,2,Not relevant for me,Declined,No change,No,Yes,No,None,Sometimes,Most of the time,Most of the time,Sometimes,Most of the time,Stressed,Yes,Maybe,No
2021-10-18 12:30:20,19,Male,India,Uttrakhand,Student,No,Similar during both,1st wave(2020),My health was not affected,Yes,Family member,3.0,Stressed,1,Text,3,Interaction became difficult,4,Not relevant for me,Declined,Decrease,No,No,,,Most of the time,Most of the time,Most of the time,Sometimes,Sometimes,Stressed,Maybe,Yes,No
2021-10-18 12:32:00,18,Male,India,Uttar Pradesh,Student,Yes,Similar during both,1st wave(2020),1st wave(2020),Yes,Close friend,5.0,Little worried,3,Video Call,3,I felt no change,4,Not relevant for me,Declined,Increase,No,Yes,Yes,None,Never,Most of the time,Never,Never,Never,Not relevant,Maybe,No,No
2021-10-18 12:32:07,19,Male,India,Delhi,Student,Yes,Similar during both,2nd wave(2021),Similar during both,Yes,Family member,4.0,Stressed,4,Call,2,Interaction became difficult,3,Not relevant for me,Declined,Increase,No,Yes,No,None,Most of the time,Most of the time,Sometimes,Most of the time,Most of the time,Stressed,Yes,Yes,No
2021-10-18 12:33:25,19,Female,India,Delhi,Student,Yes,1st wave(2020),1st wave(2020),1st wave(2020),Yes,"Myself, Family member, Close friend",2.0,Little worried,4,Text,3,It became more interactive,4,Not relevant for me,Declined,No change,No,Yes,Yes,None,Sometimes,Most of the time,Most of the time,Sometimes,Most of the time,Stressed,Yes,Yes,No
2021-10-18 12:37:40,20,Male,India,Tamil Nadu,Student,Yes,Similar during both,Similar during both,My health was not affected,Yes,"Myself, Family member, Close friend",2.0,Not worried,3,Text,3,I felt no change,3,No Change,Normal,Increase,No,Yes,No,None,Never,Never,Never,Never,Never,Relaxed,Maybe,Maybe,Maybe
2021-10-18 12:38:56,20,Male,India,Delhi,Student,Yes,2nd wave(2021),2nd wave(2021),2nd wave(2021),Yes,"Family member, Close friend",2.0,Stressed,2,Text,3,Interaction became difficult,3,Not relevant for me,Normal,Decrease,No,No,,,Sometimes,Sometimes,Most of the time,Never,Sometimes,Normal,Maybe,Yes,Yes
2021-10-18 12:57:38,20,Male,India,Uttar Pradesh,Student,Yes,Similar during both,Similar during both,My health was not affected,No,,,,4,Text,2,I felt no change,5,Not relevant for me,Not relevant for me,No change,No,No,,,Rarely,Rarely,Rarely,Sometimes,Rarely,Normal,Yes,Yes,Maybe
2021-10-18 12:58:20,19,Male,India,Delhi,Student,No,2nd wave(2021),Similar during both,2nd wave(2021),Yes,"Family member, Close friend",5.0,Stressed,1,Text,3,Interaction became difficult,2,Not relevant for me,Normal,Decrease,No,No,,,Most of the time,Sometimes,Sometimes,Sometimes,Sometimes,Stressed,Yes,Maybe,Maybe
2021-10-18 13:04:41,20,Male,India,Jharkhand,Student,No,Similar during both,Similar during both,My health was not affected,Yes,Close friend,1.0,Little worried,2,Text,3,I felt no change,3,No Change,Normal,No change,No,Yes,Yes,None,Never,Most of the time,Never,Sometimes,Rarely,Normal,Yes,Maybe,Yes
2021-10-18 13:09:08,19,Male,India,Uttar Pradesh,Student,Yes,1st wave(2020),1st wave(2020),2nd wave(2021),Yes,Close friend,5.0,Stressed,1,Call,1,Interaction completely stopped,1,Lost job/ Business Closed,Improved,Increase,No,No,,,Never,Never,Never,Most of the time,Never,Relaxed,Yes,Yes,Yes
2021-10-18 13:45:04,20,Female,India,Uttar Pradesh,Student,No,2nd wave(2021),1st wave(2020),1st wave(2020),Yes,Close friend,3.0,Stressed,2,Call,4,Interaction became difficult,3,Not relevant for me,Normal,Decrease,No,No,,,Sometimes,Sometimes,Most of the time,Sometimes,Sometimes,Stressed,Maybe,Yes,Yes
2021-10-18 15:16:55,20,Male,India,Uttar Pradesh,Student,No,Similar during both,2nd wave(2021),My health was not affected,Yes,"Family member, Close friend",5.0,Little worried,1,Video Call,5,Interaction completely stopped,5,Not relevant for me,Normal,No change,No,No,,,Rarely,Never,Sometimes,Rarely,Sometimes,Normal,No,Yes,No
2021-10-18 16:20:36,19,Male,INDIA,Delhi,Student,Yes,2nd wave(2021),2nd wave(2021),My health was not affected,Yes,"Family member, Close friend",3.0,Little worried,3,Text,5,Interaction became difficult,5,Not relevant for me,Normal,Increase,No,No,,,Sometimes,Sometimes,Sometimes,Most of the time,Rarely,Normal,Maybe,Yes,Yes
2021-10-18 16:21:08,19,Female,India,Others,Student,Yes,1st wave(2020),Similar during both,My health was not affected,Yes,Family member,4.0,Stressed,4,Video Call,4,Interaction became difficult,4,No Change,Declined,Increase,No,Yes,No,None,Most of the time,Sometimes,Sometimes,Sometimes,Rarely,Stressed,Yes,Yes,Yes
2021-10-18 16:31:07,21,Male,India,Uttar Pradesh,Student,Yes,Similar during both,1st wave(2020),Similar during both,Yes,"Family member, Close friend",4.0,Stressed,4,Text,3,Interaction became difficult,2,Not relevant for me,Improved,Increase,No,No,,,Most of the time,Rarely,Rarely,Sometimes,Sometimes,Normal,Yes,Yes,Maybe
2021-10-18 16:46:04,20,Male,India,Jammu & Kashmir,Student,No,Similar during both,2nd wave(2021),My health was not affected,Yes,Close friend,2.0,Little worried,1,Text,4,Interaction became difficult,2,Not relevant for me,Declined,Decrease,No,No,,,Most of the time,Most of the time,Most of the time,Most of the time,Sometimes,Stressed,Yes,Yes,Maybe
2021-10-18 17:19:28,19,Female,India,Uttar Pradesh,Student,No,Similar during both,1st wave(2020),My health was not affected,No,,,,2,Video Call,5,Interaction became difficult,5,No Change,Normal,No change,No,Yes,Yes,None,Most of the time,Sometimes,Most of the time,Sometimes,Most of the time,Stressed,No,Yes,No
2021-10-18 18:34:43,19,Male,India,Uttar Pradesh,Student,Yes,1st wave(2020),1st wave(2020),My health was not affected,Yes,Close friend,2.0,Little worried,3,Call,4,Interaction became difficult,4,Not relevant for me,Declined,Increase,No,Yes,Yes,None,Sometimes,Sometimes,Sometimes,Never,Sometimes,Normal,No,Yes,Yes
2021-10-18 18:35:54,20,Female,India,Haryana,Student,No,1st wave(2020),Similar during both,2nd wave(2021),Yes,Family member,3.0,Stressed,2,Text,4,Interaction became difficult,3,Not relevant for me,Declined,Increase,No,No,,,Most of the time,Sometimes,Most of the time,Sometimes,Sometimes,Stressed,Maybe,Yes,Maybe
2021-10-18 19:12:52,20,Male,India,Uttar Pradesh,Student,Yes,Similar during both,1st wave(2020),2nd wave(2021),No,,,,1,Text,5,Interaction became difficult,5,Not relevant for me,Normal,Increase,No,No,,,Most of the time,Rarely,Sometimes,Sometimes,Rarely,Normal,No,Yes,No
2021-10-18 19:14:48,20,Male,India,Uttar Pradesh,Student,Yes,2nd wave(2021),2nd wave(2021),2nd wave(2021),Yes,"Myself, Family member, Close friend",5.0,Stressed,4,Text,4,Interaction became difficult,1,Not relevant for me,Declined,Increase,No,Yes,Yes,None,Sometimes,Rarely,Most of the time,Sometimes,Rarely,Not relevant,Yes,Yes,No
2021-10-18 19:51:03,20,Male,India,Uttar Pradesh,Student,No,2nd wave(2021),1st wave(2020),My health was not affected,Yes,Close friend,4.0,Stressed,3,Video Call,5,Interaction became difficult,1,Not relevant for me,Improved,Increase,Yes,No,,,Rarely,Sometimes,Rarely,Rarely,Rarely,Normal,Maybe,Maybe,Maybe
2021-10-18 20:38:45,21,Male,India,Uttar Pradesh,Student,Yes,Similar during both,2nd wave(2021),2nd wave(2021),Yes,"Myself, Family member, Close friend",2.0,Little worried,1,Call,4,I felt no change,1,Not relevant for me,Declined,No change,No,Yes,No,None,Never,Rarely,Sometimes,Never,Sometimes,Normal,Yes,Yes,Yes
2021-10-18 20:45:10,20,Female,India,Uttar Pradesh,Student,Yes,Similar during both,2nd wave(2021),2nd wave(2021),Yes,Family member,3.0,Stressed,1,Text,4,Interaction became difficult,1,Pay /Income decreased,Declined,Increase,No,Yes,Yes,Insurance,Most of the time,Most of the time,Most of the time,Sometimes,Most of the time,Stressed,Yes,Yes,Yes
2021-10-18 21:33:21,20,Male,India,Uttar Pradesh,Student,No,Similar during both,2nd wave(2021),My health was not affected,Yes,Family member,2.0,Little worried,2,Call,4,I felt no change,5,No Change,Declined,Increase,Yes,Yes,Yes,None,Sometimes,Sometimes,Sometimes,Never,Never,Normal,Yes,Maybe,Maybe
2021-10-18 21:41:27,19,Male,India,West Bengal,Student,No,1st wave(2020),Similar during both,My health was not affected,Yes,Family member,2.0,Little worried,3,Call,4,I felt no change,3,Not relevant for me,Normal,Increase,No,Yes,Yes,None,Sometimes,Most of the time,Most of the time,Sometimes,Sometimes,Stressed,Yes,Yes,Maybe
2021-10-18 21:48:36,17,Female,India,Uttar Pradesh,Student,No,2nd wave(2021),2nd wave(2021),2nd wave(2021),Yes,"Myself, Family member, Close friend",3.0,Stressed,1,Text,3,Interaction became difficult,2,Not relevant for me,Declined,No change,No,Yes,Yes,None,Most of the time,Most of the time,Most of the time,Sometimes,Sometimes,Stressed,Maybe,Yes,Yes
2021-10-18 21:56:00,18,Female,India,Uttar Pradesh,Student,Yes,2nd wave(2021),2nd wave(2021),2nd wave(2021),Yes,Myself,3.0,Stressed,3,Text,3,Interaction became difficult,5,Not relevant for me,Declined,No change,No,Yes,No,None,Most of the time,Most of the time,Most of the time,Sometimes,Most of the time,Stressed,Maybe,No,Maybe
2021-10-18 22:15:39,18,Female,India,Delhi,Student,No,1st wave(2020),2nd wave(2021),My health was not affected,Yes,Family member,5.0,Stressed,3,Call,5,Interaction became difficult,4,Not relevant for me,Declined,Increase,No,Yes,No,None,Most of the time,Sometimes,Most of the time,Sometimes,Sometimes,Stressed,Yes,Yes,Maybe
2021-10-18 22:15:45,15,Female,India,Uttar Pradesh,Student,Yes,Similar during both,1st wave(2020),Similar during both,Yes,Family member,3.0,Stressed,1,Text,5,Interaction became difficult,5,Not relevant for me,Normal,Increase,No,Yes,Yes,None,Most of the time,Sometimes,Most of the time,Rarely,Sometimes,Normal,Yes,Maybe,Yes
2021-10-18 22:17:11,18,Female,India,Uttar Pradesh,Student,No,Similar during both,Similar during both,My health was not affected,Yes,Family member,5.0,Stressed,3,Video Call,4,Interaction became difficult,5,Not relevant for me,Declined,No change,No,No,,,Most of the time,Sometimes,Most of the time,Most of the time,Most of the time,Stressed,No,Maybe,No
2021-10-18 22:18:07,20,Female,India,Uttar Pradesh,Student,Yes,2nd wave(2021),2nd wave(2021),My health was not affected,Yes,"Family member, Close friend",3.0,Little worried,1,Text,4,Interaction became difficult,4,Not relevant for me,Declined,Increase,No,Yes,No,None,Most of the time,Sometimes,Sometimes,Rarely,Sometimes,Stressed,Yes,Yes,Maybe
2021-10-18 22:25:45,18,Male,India,Uttar Pradesh,Student,Yes,Similar during both,Similar during both,My health was not affected,Yes,Close friend,4.0,Stressed,4,Video Call,4,Interaction became difficult,4,Not relevant for me,Declined,Decrease,No,No,,,Sometimes,Rarely,Rarely,Never,Rarely,Stressed,Yes,Yes,Yes
2021-10-18 23:02:16,20,Male,INDIA,Uttar Pradesh,Student,Yes,1st wave(2020),2nd wave(2021),2nd wave(2021),Yes,Close friend,4.0,Little worried,4,Call,3,Interaction became difficult,3,Not relevant for me,Declined,Increase,No,Yes,Yes,None,Sometimes,Sometimes,Most of the time,Most of the time,Most of the time,Stressed,Maybe,No,No
2021-10-19 09:09:36,21,Male,India,Jharkhand,Student,No,Similar during both,Similar during both,Similar during both,No,,,,5,Others,5,It became more interactive,1,No Change,Not relevant for me,No change,No,No,,,Never,Never,Never,Never,Never,Not relevant,Yes,Yes,Yes
2021-10-19 09:17:01,23,Male,India,Uttar Pradesh,Student,No,2nd wave(2021),2nd wave(2021),2nd wave(2021),Yes,Family member,3.0,Stressed,4,Call,4,I felt no change,5,Pay /Income increased,Declined,Decrease,No,Yes,Yes,Insurance,Sometimes,Sometimes,Sometimes,Sometimes,Sometimes,Normal,Yes,Yes,No
2021-10-19 10:12:37,20,Male,India,Madhya Pradesh,Student,No,Similar during both,Similar during both,My health was not affected,Yes,Family member,5.0,Stressed,1,Text,2,Interaction became difficult,1,Not relevant for me,Declined,Increase,No,Yes,No,Loan,Most of the time,Most of the time,Most of the time,Sometimes,Most of the time,Stressed,Maybe,Yes,Yes
2021-10-19 10:13:49,20,Male,India,Bihar,Student,Yes,2nd wave(2021),2nd wave(2021),2nd wave(2021),Yes,"Myself, Family member, Close friend",3.0,Stressed,1,Text,3,Interaction became difficult,3,No Change,Declined,Increase,No,Yes,No,None,Most of the time,Most of the time,Most of the time,Sometimes,Sometimes,Stressed,Maybe,Yes,No
2021-10-19 10:15:41,19,Male,India,Uttar Pradesh,Student,Yes,Similar during both,2nd wave(2021),1st wave(2020),Yes,"Myself, Family member, Close friend",4.0,Little worried,2,Text,2,Interaction completely stopped,4,No Change,Declined,Increase,No,Yes,Yes,Insurance,Sometimes,Rarely,Sometimes,Most of the time,Rarely,Normal,No,Yes,No
2021-10-19 10:16:24,19,Male,India,Rajasthan,Student,No,Similar during both,Similar during both,My health was not affected,No,,,,1,Call,3,Interaction completely stopped,3,Not relevant for me,Declined,No change,No,Yes,Yes,None,Most of the time,Most of the time,Most of the time,Sometimes,Most of the time,Stressed,No,Yes,Yes
2021-10-19 10:19:41,19,Male,India,Maharashtra,Student,No,2nd wave(2021),2nd wave(2021),2nd wave(2021),Yes,Family member,1.0,Not worried,5,Video Call,3,It became more interactive,3,Not relevant for me,Declined,No change,No,No,,,Most of the time,Sometimes,Rarely,Never,Sometimes,Stressed,No,Yes,No
2021-10-19 10:22:14,18,Male,India,Bihar,Student,Yes,1st wave(2020),2nd wave(2021),2nd wave(2021),Yes,"Myself, Family member, Close friend",3.0,Little worried,2,Text,4,Interaction became difficult,4,Not relevant for me,Declined,Increase,No,Yes,No,Loan,Most of the time,Sometimes,Most of the time,Sometimes,Sometimes,Stressed,No,Yes,No
2021-10-19 10:22:15,20,Male,India,Andhra Pradesh,Student,No,1st wave(2020),1st wave(2020),Similar during both,Yes,Family member,5.0,Stressed,1,Call,4,Interaction became difficult,4,Not relevant for me,Improved,Increase,No,Yes,No,Others,Rarely,Never,Never,Sometimes,Rarely,Normal,No,Yes,Yes
2021-10-19 10:29:41,20,Male,India,Uttar Pradesh,Student,Yes,Similar during both,1st wave(2020),2nd wave(2021),Yes,Family member,2.0,Little worried,5,Text,5,I felt no change,5,Not relevant for me,Normal,No change,No,Yes,Yes,None,Sometimes,Never,Never,Sometimes,Rarely,Normal,No,Yes,Yes
2021-10-19 10:30:47,20,Male,India,Jharkhand,Student,No,1st wave(2020),1st wave(2020),My health was not affected,Yes,Close friend,4.0,Little worried,2,Call,5,Interaction became difficult,5,Not relevant for me,Declined,Decrease,No,No,,,Never,Sometimes,Most of the time,Rarely,Rarely,Relaxed,No,Yes,No
2021-10-19 10:34:11,18,Male,India,Rajasthan,Student,Yes,2nd wave(2021),2nd wave(2021),1st wave(2020),Yes,Myself,1.0,Not worried,3,Call,4,I felt no change,1,Not relevant for me,Declined,Increase,No,Yes,No,None,Sometimes,Never,Never,Never,Never,Normal,Yes,Yes,Maybe
2021-10-19 10:37:35,18,Male,India,Rajasthan,Student,No,1st wave(2020),2nd wave(2021),My health was not affected,Yes,"Family member, Close friend",5.0,Little worried,2,Text,4,Interaction became difficult,4,Not relevant for me,Declined,Decrease,No,Yes,Yes,None,Most of the time,Sometimes,Sometimes,Most of the time,Rarely,Normal,No,Yes,No
2021-10-19 10:38:44,19,Male,India,Uttrakhand,Student,No,Similar during both,Similar during both,My health was not affected,No,,,,1,Video Call,5,Interaction completely stopped,3,Not relevant for me,Improved,Decrease,No,Yes,No,None,Sometimes,Sometimes,Most of the time,Rarely,Rarely,Normal,Maybe,Yes,No
2021-10-19 10:38:46,18,Male,India,Uttar Pradesh,Student,No,Similar during both,Similar during both,My health was not affected,Yes,"Family member, Close friend",3.0,Stressed,1,Call,1,Interaction completely stopped,1,Not relevant for me,Declined,Decrease,No,No,,,Most of the time,Most of the time,Most of the time,Rarely,Most of the time,Normal,No,No,No
2021-10-19 10:42:41,19,Male,India,Uttar Pradesh,Student,No,2nd wave(2021),1st wave(2020),2nd wave(2021),Yes,Family member,3.0,Not worried,1,Call,2,Interaction became difficult,2,Not relevant for me,Declined,No change,No,No,,,Sometimes,Most of the time,Most of the time,Sometimes,Rarely,Not relevant,No,Yes,Maybe
2021-10-19 10:42:48,20,Male,India,Maharashtra,Student,Yes,Similar during both,Similar during both,My health was not affected,No,,,,1,Text,5,Interaction completely stopped,1,Got new job / Started new Business,Not relevant for me,Increase,No,No,,,Most of the time,Most of the time,Most of the time,Rarely,Most of the time,Stressed,No,Yes,No
2021-10-19 10:44:02,20,Male,India,Rajasthan,Student,No,1st wave(2020),2nd wave(2021),My health was not affected,Yes,"Family member, Close friend",4.0,Stressed,2,Text,4,Interaction became difficult,3,Pay /Income decreased,Declined,Increase,No,Yes,Yes,None,Sometimes,Most of the time,Most of the time,Rarely,Sometimes,Normal,Yes,Yes,No
2021-10-19 10:45:04,17,Male,India,Uttar Pradesh,Student,Yes,2nd wave(2021),Similar during both,2nd wave(2021),Yes,Family member,5.0,Stressed,5,Text,3,Interaction became difficult,5,Not relevant for me,Declined,No change,No,Yes,Yes,Insurance,Sometimes,Sometimes,Most of the time,Never,Most of the time,Stressed,Maybe,Maybe,Maybe
2021-10-19 10:45:53,22,Male,India,Uttar Pradesh,Student,No,Similar during both,1st wave(2020),My health was not affected,Yes,Close friend,1.0,Little worried,3,Video Call,5,Interaction completely stopped,5,Not relevant for me,Normal,Decrease,No,Yes,Yes,None,Most of the time,Sometimes,Sometimes,Most of the time,Sometimes,Normal,Yes,Yes,No
2021-10-19 10:53:43,20,Male,India,Uttar Pradesh,Student,No,Similar during both,2nd wave(2021),My health was not affected,No,,,,1,Text,4,Interaction became difficult,5,Not relevant for me,Normal,No change,No,Yes,No,None,Sometimes,Sometimes,Most of the time,Rarely,Sometimes,Stressed,Yes,Yes,Maybe
2021-10-19 10:56:17,20,Male,India,Uttar Pradesh,Student,Yes,Similar during both,1st wave(2020),1st wave(2020),Yes,"Myself, Family member, Close friend",1.0,Not worried,1,Text,4,Interaction became difficult,5,No Change,Declined,No change,No,No,,,Sometimes,Sometimes,Most of the time,Sometimes,Sometimes,Stressed,Maybe,Yes,No
2021-10-19 10:57:50,18,Male,india,Telangana,Student,No,Similar during both,Similar during both,My health was not affected,Yes,Family member,3.0,Little worried,2,Text,2,Interaction became difficult,1,Not relevant for me,Declined,Increase,No,Yes,Yes,None,Most of the time,Most of the time,Most of the time,Most of the time,Rarely,Stressed,Yes,Yes,Maybe
2021-10-19 11:00:01,18,Male,India,Uttar Pradesh,Student,No,2nd wave(2021),Similar during both,My health was not affected,Yes,Close friend,1.0,Little worried,1,Text,3,Interaction completely stopped,5,Not relevant for me,Declined,Increase,No,Yes,No,None,Most of the time,Most of the time,Most of the time,Sometimes,Sometimes,Stressed,Maybe,Maybe,No
2021-10-19 11:02:51,19,Male,India,West Bengal,Student,No,1st wave(2020),1st wave(2020),My health was not affected,Yes,Family member,5.0,Little worried,3,Text,4,Interaction completely stopped,3,No Change,Declined,Increase,No,No,,,Most of the time,Most of the time,Most of the time,Rarely,Most of the time,Stressed,Yes,Yes,Yes
2021-10-19 11:09:29,19,Male,India,Rajasthan,Student,Yes,2nd wave(2021),2nd wave(2021),2nd wave(2021),Yes,"Myself, Family member",2.0,Stressed,1,Text,3,Interaction completely stopped,3,Not relevant for me,Declined,Decrease,No,Yes,Yes,None,Sometimes,Sometimes,Sometimes,Sometimes,Most of the time,Stressed,Yes,Yes,No
2021-10-19 11:18:15,20,Male,India,Uttar Pradesh,Student,No,Similar during both,Similar during both,2nd wave(2021),Yes,Close friend,3.0,Stressed,1,Text,3,Interaction became difficult,1,Lost job/ Business Closed,Normal,No change,No,Yes,No,None,Most of the time,Most of the time,Rarely,Most of the time,Sometimes,Stressed,Yes,Maybe,No
2021-10-19 11:21:20,19,Male,India,Jharkhand,Student,No,Similar during both,Similar during both,2nd wave(2021),Yes,Close friend,5.0,Stressed,3,Text,5,Interaction became difficult,2,Not relevant for me,Declined,No change,No,Yes,No,None,Most of the time,Most of the time,Most of the time,Sometimes,Most of the time,Stressed,Yes,Yes,Yes
2021-10-19 11:26:23,19,Male,India,Rajasthan,Student,Yes,1st wave(2020),Similar during both,My health was not affected,No,,,,3,Video Call,5,Interaction completely stopped,3,Not relevant for me,Improved,No change,No,Yes,No,None,Sometimes,Never,Sometimes,Rarely,Never,Normal,Maybe,Yes,Yes
2021-10-19 11:34:19,20,Male,India,Rajasthan,Student,No,2nd wave(2021),Similar during both,2nd wave(2021),No,,,,1,Call,4,Interaction became difficult,3,Not relevant for me,Declined,No change,No,Yes,No,None,Sometimes,Sometimes,Most of the time,Never,Most of the time,Stressed,No,Maybe,No
2021-10-19 11:38:32,18,Male,India,Bihar,Student,Yes,1st wave(2020),1st wave(2020),1st wave(2020),Yes,Close friend,3.0,Little worried,1,Text,5,Interaction became difficult,4,Not relevant for me,Improved,Increase,Yes,No,,,Rarely,Rarely,Rarely,Rarely,Rarely,Relaxed,No,Yes,Yes
2021-10-19 11:57:22,20,Male,India,Andhra Pradesh,Student,No,Similar during both,2nd wave(2021),2nd wave(2021),Yes,Myself,3.0,Not worried,1,Call,3,Interaction became difficult,5,Not relevant for me,Normal,Decrease,No,Yes,Yes,None,Sometimes,Most of the time,Most of the time,Most of the time,Sometimes,Not relevant,No,Maybe,Maybe
2021-10-19 12:06:22,19,Male,India,Uttar Pradesh,Student,Yes,Similar during both,1st wave(2020),My health was not affected,Yes,Family member,5.0,Little worried,3,Video Call,4,It became more interactive,4,Not relevant for me,Declined,Increase,No,Yes,No,None,Most of the time,Most of the time,Most of the time,Sometimes,Most of the time,Stressed,Yes,Yes,Yes
2021-10-19 12:07:20,19,Male,India,Haryana,Student,No,Similar during both,2nd wave(2021),My health was not affected,Yes,Family member,5.0,Stressed,2,Call,3,Interaction became difficult,4,Not relevant for me,Declined,No change,No,No,,,Sometimes,Most of the time,Sometimes,Sometimes,Sometimes,Stressed,No,Yes,Maybe
2021-10-19 12:08:17,18,Male,INDIA,Rajasthan,Student,Yes,Similar during both,2nd wave(2021),Similar during both,Yes,Close friend,3.0,Little worried,1,Text,2,Interaction became difficult,3,Pay /Income decreased,Declined,Decrease,No,Yes,No,None,Rarely,Most of the time,Most of the time,Most of the time,Sometimes,Stressed,Yes,Yes,Maybe
2021-10-19 12:22:15,19,Male,India,Uttar Pradesh,Student,No,1st wave(2020),2nd wave(2021),My health was not affected,Yes,Family member,4.0,Stressed,3,Text,4,Interaction became difficult,3,Not relevant for me,Declined,Decrease,No,Yes,No,None,Sometimes,Most of the time,Sometimes,Sometimes,Sometimes,Stressed,Yes,Yes,Maybe
2021-10-19 12:50:48,19,Male,India,Andhra Pradesh,Student,Yes,1st wave(2020),1st wave(2020),1st wave(2020),Yes,"Myself, Family member, Close friend",3.0,Little worried,3,Call,4,Interaction became difficult,5,Not relevant for me,Declined,Increase,No,Yes,No,None,Sometimes,Most of the time,Most of the time,Sometimes,Rarely,Normal,Maybe,Yes,Yes
2021-10-19 13:06:12,19,Male,India,Uttar Pradesh,Student,Yes,Similar during both,Similar during both,My health was not affected,No,,,,2,Call,2,Interaction became difficult,4,Not relevant for me,Declined,No change,No,Yes,No,None,Sometimes,Most of the time,Sometimes,Sometimes,Sometimes,Stressed,Yes,Maybe,Maybe
2021-10-19 13:15:26,19,Male,India,Uttar Pradesh,Student,No,Similar during both,Similar during both,My health was not affected,Yes,"Family member, Close friend",3.0,Little worried,3,Text,5,I felt no change,5,Not relevant for me,Normal,No change,No,No,,,Rarely,Never,Never,Never,Never,Normal,Yes,Yes,Maybe
2021-10-19 13:20:59,18,Male,India,Uttar Pradesh,Student,Yes,2nd wave(2021),Similar during both,2nd wave(2021),Yes,"Family member, Close friend",2.0,Little worried,2,Video Call,5,I felt no change,5,Pay /Income decreased,Declined,Increase,No,Yes,No,None,Sometimes,Most of the time,Most of the time,Sometimes,Sometimes,Stressed,No,Yes,No
2021-10-19 13:30:16,20,Male,India,Uttar Pradesh,Student,Yes,Similar during both,1st wave(2020),2nd wave(2021),Yes,"Myself, Family member, Close friend",3.0,Stressed,3,Call,5,Interaction became difficult,3,Not relevant for me,Declined,Increase,No,Yes,No,Others,Sometimes,Rarely,Sometimes,Rarely,Most of the time,Stressed,Maybe,Yes,No
2021-10-19 13:44:25,17,Female,India,Jharkhand,Student,No,Similar during both,Similar during both,1st wave(2020),No,,,,1,Text,4,Interaction completely stopped,3,No Change,Declined,No change,No,Yes,No,None,Sometimes,Most of the time,Most of the time,Never,Most of the time,Stressed,Maybe,Maybe,Maybe
2021-10-19 13:47:46,19,Male,India,Jharkhand,Student,Yes,Similar during both,1st wave(2020),My health was not affected,Yes,Close friend,1.0,Little worried,1,Text,5,Interaction became difficult,3,Not relevant for me,Declined,Decrease,Yes,Yes,Yes,Loan,Most of the time,Sometimes,Sometimes,Sometimes,Sometimes,Stressed,Yes,Yes,Yes
2021-10-19 14:17:47,19,Male,India,Uttar Pradesh,Student,No,1st wave(2020),2nd wave(2021),2nd wave(2021),Yes,Family member,5.0,Stressed,1,Call,3,Interaction became difficult,2,Not relevant for me,Declined,No change,No,Yes,Yes,None,Sometimes,Sometimes,Sometimes,Rarely,Sometimes,Normal,Maybe,No,No
2021-10-19 14:32:16,19,Male,India,Maharashtra,Student,Yes,Similar during both,Similar during both,Similar during both,Yes,"Myself, Family member, Close friend",5.0,Stressed,1,Text,1,Interaction completely stopped,1,Not relevant for me,Declined,No change,No,Yes,No,None,Most of the time,Most of the time,Sometimes,Most of the time,Most of the time,Stressed,Yes,Yes,Maybe
2021-10-19 14:36:11,20,Male,India,Uttar Pradesh,Student,No,Similar during both,Similar during both,My health was not affected,Yes,Family member,3.0,Little worried,2,Call,3,I felt no change,5,Not relevant for me,Declined,Increase,No,Yes,Yes,None,Most of the time,Sometimes,Never,Rarely,Rarely,Not relevant,Yes,Yes,Maybe
2021-10-19 15:27:36,19,Male,India,Pondicherry,Student,No,1st wave(2020),2nd wave(2021),2nd wave(2021),Yes,"Myself, Family member",3.0,Not worried,4,Others,4,I felt no change,3,No Change,Normal,Increase,No,Yes,No,None,Rarely,Sometimes,Sometimes,Most of the time,Sometimes,Not relevant,No,No,No
2021-10-19 16:13:09,19,Male,India,Delhi,Student,Yes,Similar during both,1st wave(2020),1st wave(2020),Yes,Family member,3.0,Little worried,1,Text,2,Interaction became difficult,3,Not relevant for me,Improved,No change,No,Yes,Yes,None,Sometimes,Most of the time,Most of the time,Most of the time,Most of the time,Normal,Yes,No,Maybe
2021-10-19 17:33:17,19,Male,India,Uttar Pradesh,Student,Yes,Similar during both,Similar during both,Similar during both,Yes,Close friend,2.0,Little worried,5,Video Call,3,I felt no change,5,Not relevant for me,Declined,Decrease,No,No,,,Most of the time,Most of the time,Most of the time,Never,Sometimes,Not relevant,Yes,Yes,No
2021-10-19 19:23:50,17,Male,India,Jharkhand,Student,Yes,Similar during both,Similar during both,My health was not affected,No,,,,2,Text,5,Interaction completely stopped,3,No Change,Declined,Decrease,No,No,,,Sometimes,Never,Never,Sometimes,Never,Normal,Maybe,Maybe,Maybe
2021-10-20 08:15:05,19,Male,India,Uttar Pradesh,Student,No,Similar during both,2nd wave(2021),2nd wave(2021),Yes,"Myself, Close friend",2.0,Little worried,1,Call,5,Interaction became difficult,4,Not relevant for me,Declined,Decrease,No,Yes,No,Loan,Most of the time,Sometimes,Most of the time,Rarely,Most of the time,Stressed,No,Yes,Maybe
2021-10-20 09:28:08,20,Male,India,Uttar Pradesh,Student,No,Similar during both,Similar during both,1st wave(2020),No,,,,1,Text,2,Interaction became difficult,3,Not relevant for me,Declined,No change,No,No,,,Most of the time,Sometimes,Sometimes,Sometimes,Sometimes,Stressed,No,Maybe,No
2021-10-20 10:03:54,20,Male,India,Kerela,Student,No,1st wave(2020),1st wave(2020),2nd wave(2021),Yes,"Myself, Family member",1.0,Little worried,3,Text,4,Interaction became difficult,5,Not relevant for me,Declined,No change,No,No,,,Most of the time,Sometimes,Most of the time,Sometimes,Most of the time,Stressed,No,Maybe,No
2021-10-20 10:24:53,19,Male,India,Haryana,Student,Yes,Similar during both,2nd wave(2021),My health was not affected,Yes,"Family member, Close friend",4.0,Little worried,1,Text,3,Interaction completely stopped,4,Not relevant for me,Declined,Decrease,No,Yes,No,None,Rarely,Most of the time,Most of the time,Most of the time,Sometimes,Normal,No,Yes,No
2021-10-20 11:29:02,18,Male,INDIA,Bihar,Student,No,2nd wave(2021),2nd wave(2021),My health was not affected,No,,,,3,Text,5,Interaction became difficult,4,Pay /Income decreased,Declined,Increase,No,Yes,No,None,Most of the time,Sometimes,Most of the time,Most of the time,Most of the time,Stressed,Maybe,Yes,Maybe
2021-10-20 16:22:01,19,Male,India,Uttar Pradesh,Student,Yes,Similar during both,1st wave(2020),My health was not affected,Yes,"Family member, Close friend",5.0,Stressed,3,Text,5,Interaction became difficult,2,Not relevant for me,Declined,Increase,No,Yes,No,None,Sometimes,Rarely,Most of the time,Sometimes,Most of the time,Stressed,No,Yes,Yes
2021-10-20 16:24:56,20,Male,India,Bihar,Student,Yes,Similar during both,2nd wave(2021),2nd wave(2021),Yes,"Myself, Family member, Close friend",3.0,Stressed,1,Text,3,Interaction became difficult,1,Not relevant for me,Declined,No change,No,Yes,Yes,None,Sometimes,Sometimes,Sometimes,Sometimes,Sometimes,Normal,Yes,Yes,No
2021-10-20 16:28:24,19,Male,India,Kerela,Student,No,Similar during both,1st wave(2020),My health was not affected,Yes,Close friend,4.0,Little worried,4,Text,4,It became more interactive,4,Not relevant for me,Declined,Decrease,No,No,,,Sometimes,Sometimes,Rarely,Rarely,Rarely,Stressed,Yes,Maybe,Maybe
2021-10-20 16:28:26,18,Male,India,Telangana,Student,No,1st wave(2020),Similar during both,My health was not affected,Yes,Close friend,2.0,Little worried,1,Video Call,3,I felt no change,5,Not relevant for me,Declined,No change,No,Yes,Yes,None,Most of the time,Rarely,Sometimes,Never,Never,Stressed,Maybe,Yes,Yes
2021-10-20 16:28:42,19,Male,India,Uttar Pradesh,Student,No,1st wave(2020),1st wave(2020),2nd wave(2021),Yes,Family member,2.0,Little worried,3,Call,4,I felt no change,4,Not relevant for me,Declined,Decrease,No,No,,,Most of the time,Most of the time,Rarely,Sometimes,Most of the time,Stressed,Yes,Yes,No
2021-10-20 16:30:27,19,Male,India,Bihar,Student,Yes,2nd wave(2021),2nd wave(2021),2nd wave(2021),Yes,Family member,2.0,Little worried,3,Call,2,Interaction became difficult,3,Pay /Income decreased,Declined,Decrease,No,No,,,Sometimes,Sometimes,Sometimes,Most of the time,Sometimes,Stressed,No,Yes,No
2021-10-20 16:33:47,19,Male,India,Telangana,Student,No,1st wave(2020),1st wave(2020),2nd wave(2021),Yes,"Myself, Family member",1.0,Little worried,1,Call,3,Interaction became difficult,4,Not relevant for me,Declined,No change,No,Yes,Yes,Insurance,Most of the time,Most of the time,Sometimes,Rarely,Sometimes,Stressed,Yes,Yes,Maybe
2021-10-20 16:34:29,18,Male,India,Telangana,Student,No,Similar during both,Similar during both,2nd wave(2021),Yes,Myself,1.0,Not worried,1,Text,5,Interaction became difficult,1,Not relevant for me,Improved,Decrease,No,Yes,No,None,Most of the time,Most of the time,Rarely,Sometimes,Sometimes,Stressed,Yes,Yes,No
2021-10-20 16:37:21,19,Male,India,Telangana,Student,No,1st wave(2020),Similar during both,My health was not affected,Yes,Close friend,1.0,Little worried,2,Call,3,Interaction became difficult,1,Not relevant for me,Declined,Increase,No,No,,,Most of the time,Sometimes,Most of the time,Sometimes,Sometimes,Normal,No,No,No
2021-10-20 16:50:52,18,Male,India,Telangana,Student,No,Similar during both,Similar during both,My health was not affected,No,,,,1,Text,2,Interaction became difficult,3,Not relevant for me,Normal,No change,No,No,,,Most of the time,Most of the time,Most of the time,Sometimes,Most of the time,Stressed,Maybe,Yes,No
2021-10-20 16:51:06,19,Male,India,Rajasthan,Student,No,1st wave(2020),2nd wave(2021),1st wave(2020),Yes,Family member,3.0,Stressed,1,Text,5,Interaction completely stopped,5,No Change,Declined,Decrease,Yes,Yes,Yes,Insurance,Most of the time,Most of the time,Sometimes,Never,Sometimes,Normal,No,Yes,Yes
2021-10-20 16:53:44,19,Male,India,Uttar Pradesh,Student,No,1st wave(2020),2nd wave(2021),My health was not affected,No,,,,1,Text,3,Interaction became difficult,3,Not relevant for me,Declined,No change,No,Yes,Yes,Insurance,Sometimes,Most of the time,Most of the time,Sometimes,Most of the time,Stressed,No,Yes,Yes
2021-10-20 16:55:36,20,Male,India,Bihar,Student,No,2nd wave(2021),2nd wave(2021),My health was not affected,No,,,,1,Text,5,Interaction completely stopped,1,No Change,Declined,Increase,No,Yes,Yes,None,Most of the time,Most of the time,Most of the time,Never,Most of the time,Stressed,No,No,No
2021-10-20 16:57:04,19,Male,India,Telangana,Student,No,1st wave(2020),1st wave(2020),My health was not affected,No,,,,2,Call,5,I felt no change,3,No Change,Normal,Increase,No,Yes,No,None,Sometimes,Sometimes,Most of the time,Sometimes,Rarely,Normal,No,No,Yes
2021-10-20 16:59:34,19,Male,India,Uttar Pradesh,Student,No,Similar during both,2nd wave(2021),2nd wave(2021),Yes,"Myself, Family member",3.0,Little worried,4,Call,3,Interaction completely stopped,5,Not relevant for me,Declined,Increase,No,Yes,Yes,None,Sometimes,Rarely,Most of the time,Sometimes,Sometimes,Stressed,Maybe,Yes,No
2021-10-20 17:01:26,18,Male,India,Telangana,Student,No,Similar during both,1st wave(2020),1st wave(2020),Yes,Close friend,3.0,Little worried,2,Call,5,Interaction became difficult,3,Pay /Income decreased,Improved,Decrease,No,Yes,Yes,Loan,Sometimes,Rarely,Rarely,Rarely,Rarely,Normal,Yes,Yes,Maybe
2021-10-20 17:02:02,19,Male,India,Bihar,Student,Yes,Similar during both,Similar during both,Similar during both,No,,,,3,Call,1,Interaction completely stopped,1,No Change,Declined,Decrease,No,Yes,No,None,Never,Most of the time,Most of the time,Rarely,Sometimes,Stressed,Maybe,Maybe,No
2021-10-20 17:08:46,19,Male,india,Rajasthan,Student,No,Similar during both,Similar during both,My health was not affected,No,,,,2,Text,5,Interaction became difficult,5,Not relevant for me,Normal,No change,No,Yes,Yes,None,Most of the time,Most of the time,Sometimes,Most of the time,Sometimes,Stressed,Maybe,Yes,Yes
2021-10-20 17:33:49,20,Male,India,Jharkhand,Student,No,Similar during both,2nd wave(2021),1st wave(2020),Yes,"Myself, Family member, Close friend",5.0,Little worried,4,Text,4,I felt no change,5,Pay /Income decreased,Declined,Decrease,No,Yes,No,None,Sometimes,Most of the time,Most of the time,Sometimes,Most of the time,Stressed,Maybe,Yes,No
2021-10-20 17:41:29,18,Male,India,Uttar Pradesh,Student,Yes,2nd wave(2021),Similar during both,My health was not affected,No,,,,1,Call,4,Interaction became difficult,3,Lost job/ Business Closed,Declined,No change,Yes,No,,,Most of the time,Most of the time,Most of the time,Rarely,Sometimes,Stressed,Maybe,Yes,No
2021-10-20 18:09:59,19,Male,India,Delhi,Student,Yes,Similar during both,1st wave(2020),My health was not affected,Yes,Close friend,5.0,Little worried,2,Call,3,Interaction became difficult,2,Not relevant for me,Declined,Decrease,No,No,,,Never,Most of the time,Most of the time,Sometimes,Sometimes,Normal,Yes,Yes,Maybe
2021-10-20 18:21:27,19,Male,India,Andhra Pradesh,Student,No,Similar during both,Similar during both,2nd wave(2021),Yes,"Myself, Family member, Close friend",2.0,Little worried,1,Text,2,I felt no change,4,Not relevant for me,Declined,Increase,No,Yes,No,None,Rarely,Rarely,Rarely,Sometimes,Sometimes,Normal,Yes,Yes,No
2021-10-20 18:33:02,20,Male,India,Uttar Pradesh,Student,No,Similar during both,2nd wave(2021),1st wave(2020),Yes,"Myself, Family member, Close friend",1.0,Little worried,2,Video Call,3,I felt no change,3,Not relevant for me,Declined,Increase,No,Yes,No,None,Most of the time,Sometimes,Most of the time,Sometimes,Most of the time,Normal,Maybe,Yes,No
2021-10-20 18:55:10,19,Male,India,West Bengal,Student,No,Similar during both,1st wave(2020),My health was not affected,No,,,,2,Text,4,Interaction became difficult,5,Not relevant for me,Declined,Increase,No,Yes,No,None,Sometimes,Never,Rarely,Sometimes,Rarely,Not relevant,Yes,Maybe,No
2021-10-20 19:00:17,19,Male,India,Bihar,Student,Yes,1st wave(2020),2nd wave(2021),Similar during both,No,,,,1,Text,2,Interaction became difficult,5,Not relevant for me,Declined,Increase,No,Yes,No,None,Sometimes,Most of the time,Most of the time,Sometimes,Sometimes,Normal,Yes,Yes,Yes
2021-10-20 19:36:18,18,Male,India,Haryana,Student,No,1st wave(2020),Similar during both,My health was not affected,No,,,,1,Video Call,3,Interaction completely stopped,5,Lost job/ Business Closed,Declined,Decrease,No,Yes,Yes,Loan,Most of the time,Sometimes,Sometimes,Sometimes,Most of the time,Stressed,Maybe,No,Maybe
2021-10-20 19:55:46,20,Male,India,Haryana,Student,Yes,Similar during both,1st wave(2020),1st wave(2020),Yes,Family member,3.0,Stressed,2,Text,4,Interaction became difficult,3,Not relevant for me,Declined,Increase,No,No,,,Most of the time,Sometimes,Most of the time,Never,Sometimes,Stressed,Maybe,Yes,Yes
2021-10-20 20:41:57,19,Male,India,Uttar Pradesh,Student,Yes,1st wave(2020),2nd wave(2021),2nd wave(2021),Yes,Close friend,3.0,Stressed,2,Text,4,Interaction became difficult,2,Pay /Income decreased,Declined,Decrease,No,Yes,No,None,Most of the time,Sometimes,Sometimes,Most of the time,Sometimes,Not relevant,Maybe,Maybe,Maybe
2021-10-20 20:49:09,19,Male,India,Delhi,Student,Yes,Similar during both,Similar during both,Similar during both,Yes,"Myself, Family member, Close friend",2.0,Little worried,1,Text,3,Interaction became difficult,3,Not relevant for me,Declined,Increase,No,Yes,Yes,None,Most of the time,Most of the time,Most of the time,Most of the time,Most of the time,Stressed,Maybe,Yes,Maybe
2021-10-20 21:51:32,19,Male,India,Delhi,Student,Yes,Similar during both,2nd wave(2021),1st wave(2020),Yes,Family member,5.0,Stressed,1,Text,3,Interaction became difficult,1,Not relevant for me,Declined,Increase,No,No,,,Most of the time,Most of the time,Most of the time,Never,Sometimes,Stressed,No,Yes,Maybe
2021-10-20 21:56:02,20,Male,India,Uttar Pradesh,Student,Yes,Similar during both,1st wave(2020),My health was not affected,No,,,,3,Call,3,Interaction became difficult,5,Not relevant for me,Declined,Increase,Yes,Yes,No,None,Most of the time,Most of the time,Sometimes,Never,Rarely,Stressed,Yes,Yes,Yes
2021-10-20 22:27:05,19,Male,India,Uttrakhand,Student,Yes,Similar during both,Similar during both,My health was not affected,No,,,,3,Text,5,Interaction became difficult,5,Not relevant for me,Declined,Increase,No,No,,,Sometimes,Never,Never,Never,Sometimes,Normal,Maybe,Yes,Yes
2021-10-20 23:28:43,20,Male,India,Uttar Pradesh,Student,No,Similar during both,2nd wave(2021),2nd wave(2021),Yes,Close friend,3.0,Stressed,1,Text,4,Interaction became difficult,1,Not relevant for me,Declined,No change,No,Yes,No,Loan,Most of the time,Most of the time,Most of the time,Sometimes,Most of the time,Stressed,Maybe,No,Yes
2021-10-21 01:52:55,19,Male,India,Bihar,Student,No,Similar during both,2nd wave(2021),2nd wave(2021),Yes,Myself,3.0,Little worried,5,Text,5,Interaction became difficult,5,Not relevant for me,Declined,Increase,No,Yes,No,None,Most of the time,Sometimes,Sometimes,Sometimes,Sometimes,Stressed,Yes,Yes,Maybe
2021-10-21 07:09:54,18,Male,India,Haryana,Student,No,1st wave(2020),1st wave(2020),My health was not affected,Yes,Family member,1.0,Little worried,2,Text,3,Interaction completely stopped,5,Not relevant for me,Declined,No change,No,Yes,Yes,Insurance,Most of the time,Most of the time,Most of the time,Most of the time,Most of the time,Stressed,No,Yes,No
2021-10-21 09:53:51,19,Male,"Ghazipur, Uttar Pradesh",Uttar Pradesh,Student,No,Similar during both,1st wave(2020),Similar during both,Yes,Family member,2.0,Little worried,2,Text,4,Interaction became difficult,4,No Change,Declined,No change,No,Yes,Yes,None,Sometimes,Sometimes,Sometimes,Sometimes,Sometimes,Stressed,No,Yes,Maybe
2021-10-21 10:10:20,21,Male,India,Bihar,Student,No,Similar during both,2nd wave(2021),2nd wave(2021),Yes,"Myself, Family member, Close friend",5.0,Stressed,2,Text,3,I felt no change,1,Pay /Income decreased,Declined,Increase,No,Yes,No,None,Most of the time,Most of the time,Most of the time,Sometimes,Most of the time,Normal,Maybe,Maybe,No
2021-10-21 11:50:39,20,Female,INDIA,Delhi,Student,No,1st wave(2020),Similar during both,My health was not affected,Yes,"Family member, Close friend",3.0,Stressed,4,Video Call,3,Interaction became difficult,5,Not relevant for me,Declined,Increase,No,Yes,Yes,None,Most of the time,Sometimes,Most of the time,Sometimes,Sometimes,Normal,Yes,Yes,Maybe
2021-10-21 16:19:05,19,Male,India,Uttar Pradesh,Student,No,Similar during both,1st wave(2020),Similar during both,Yes,Family member,2.0,Little worried,3,Video Call,2,Interaction became difficult,3,No Change,Declined,Decrease,No,Yes,Yes,None,Never,Sometimes,Sometimes,Most of the time,Sometimes,Stressed,No,Maybe,Maybe
2021-10-21 16:25:14,17,Female,India,Bihar,Student,No,Similar during both,2nd wave(2021),2nd wave(2021),Yes,Family member,4.0,Stressed,1,Text,3,Interaction became difficult,3,Pay /Income decreased,Declined,Increase,No,Yes,Yes,None,Most of the time,Sometimes,Sometimes,Sometimes,Sometimes,Stressed,Maybe,Yes,Maybe
2021-10-21 21:03:01,20,Male,India,Haryana,Student,No,Similar during both,2nd wave(2021),My health was not affected,Yes,Close friend,5.0,Little worried,2,Video Call,5,Interaction became difficult,5,Not relevant for me,Declined,Increase,No,No,,,Most of the time,Sometimes,Most of the time,Rarely,Most of the time,Stressed,Maybe,Yes,Yes
2021-10-21 23:07:22,20,Male,India,Uttar Pradesh,Student,Yes,2nd wave(2021),Similar during both,My health was not affected,Yes,Family member,3.0,Little worried,2,Video Call,3,Interaction became difficult,5,Not relevant for me,Declined,Increase,No,No,,,Most of the time,Sometimes,Sometimes,Never,Sometimes,Stressed,Yes,Yes,Maybe
2021-10-23 19:04:26,20,Female,India,Rajasthan,Student,No,1st wave(2020),Similar during both,2nd wave(2021),Yes,Close friend,4.0,Stressed,3,Video Call,2,I felt no change,3,Pay /Income decreased,Normal,No change,Yes,Yes,No,Insurance,Most of the time,Most of the time,Most of the time,Most of the time,Most of the time,Stressed,No,Yes,Maybe
2021-10-23 19:17:16,22,Male,India,Uttar Pradesh,Student,No,2nd wave(2021),Similar during both,My health was not affected,Yes,Family member,2.0,Not worried,3,Others,4,Interaction became difficult,5,No Change,Improved,No change,No,No,,,Most of the time,Sometimes,Most of the time,Rarely,Never,Not relevant,Maybe,Maybe,Yes
2021-10-23 19:36:32,19,Female,India,Uttar Pradesh,Student,Yes,Similar during both,Similar during both,2nd wave(2021),Yes,Family member,1.0,Stressed,1,Video Call,5,I felt no change,5,No Change,Declined,No change,No,Yes,No,None,Most of the time,Sometimes,Most of the time,Most of the time,Sometimes,Stressed,No,Yes,Yes
2021-10-23 19:38:31,20,Female,India,Uttar Pradesh,Student,Yes,2nd wave(2021),2nd wave(2021),My health was not affected,Yes,Family member,1.0,Stressed,1,Call,5,I felt no change,5,Pay /Income decreased,Not relevant for me,Decrease,No,Yes,Yes,None,Never,Most of the time,Most of the time,Most of the time,Most of the time,Stressed,Yes,Yes,Yes
2021-10-23 19:54:55,21,Female,India,Others,Student,Yes,Similar during both,1st wave(2020),My health was not affected,Yes,Close friend,3.0,Little worried,5,Video Call,5,I felt no change,4,No Change,Declined,Increase,No,Yes,Yes,None,Most of the time,Never,Sometimes,Rarely,Rarely,Normal,Yes,Yes,Yes
2021-10-23 22:00:59,22,Female,India,Uttar Pradesh,Student,Yes,Similar during both,1st wave(2020),1st wave(2020),Yes,Family member,1.0,Stressed,4,Call,1,I felt no change,1,Not relevant for me,Normal,Increase,No,No,,,Most of the time,Sometimes,Never,Sometimes,Most of the time,Normal,Yes,Yes,Yes
2021-10-23 22:16:33,21,Male,India,Uttar Pradesh,Student,Yes,Similar during both,1st wave(2020),1st wave(2020),Yes,"Myself, Family member, Close friend",4.0,Stressed,4,Text,3,Interaction became difficult,5,Not relevant for me,Declined,Increase,No,Yes,Yes,None,Most of the time,Sometimes,Sometimes,Most of the time,Sometimes,Stressed,Maybe,Yes,Yes
2021-10-23 23:23:20,20,Female,India,Uttar Pradesh,Student,Yes,Similar during both,2nd wave(2021),2nd wave(2021),Yes,Close friend,4.0,Little worried,1,Text,5,Interaction completely stopped,3,Not relevant for me,Normal,No change,No,Yes,No,None,Sometimes,Most of the time,Sometimes,Sometimes,Sometimes,Normal,Yes,Yes,No
2021-10-24 16:06:37,20,Female,India,Uttar Pradesh,Student,Yes,2nd wave(2021),Similar during both,My health was not affected,Yes,Close friend,1.0,Little worried,2,Text,3,I felt no change,3,Not relevant for me,Declined,Increase,No,Yes,Yes,None,Sometimes,Sometimes,Sometimes,Never,Sometimes,Stressed,No,Yes,No
2021-10-25 09:40:31,16,Female,India,Rajasthan,Student,Yes,2nd wave(2021),2nd wave(2021),2nd wave(2021),Yes,Family member,2.0,Little worried,4,Call,4,It became more interactive,4,Not relevant for me,Declined,Increase,Yes,Yes,Yes,Insurance,Most of the time,Most of the time,Most of the time,Sometimes,Sometimes,Stressed,Maybe,Yes,Yes
2021-10-25 18:09:51,20,Female,India,Delhi,Student,No,Similar during both,2nd wave(2021),2nd wave(2021),Yes,Myself,1.0,Stressed,2,Text,5,I felt no change,3,Pay /Income decreased,Declined,Increase,Yes,Yes,No,None,Sometimes,Never,Never,Rarely,Rarely,Stressed,Yes,Yes,Yes
2021-10-25 18:32:55,20,Female,India,Gujarat,Student,Yes,1st wave(2020),1st wave(2020),1st wave(2020),Yes,Family member,3.0,Little worried,3,Text,4,Interaction became difficult,3,Not relevant for me,Normal,Increase,No,Yes,Yes,None,Most of the time,Sometimes,Most of the time,Rarely,Sometimes,Stressed,Yes,Yes,Yes
2021-10-25 23:17:09,21,Male,India,Uttar Pradesh,Student,Yes,1st wave(2020),1st wave(2020),2nd wave(2021),Yes,Close friend,2.0,Stressed,3,Video Call,4,Interaction became difficult,1,Pay /Income decreased,Normal,Decrease,No,Yes,Yes,None,Most of the time,Sometimes,Most of the time,Never,Most of the time,Stressed,No,Yes,No
2021-10-25 23:59:46,25,Male,India,Bihar,Student,No,1st wave(2020),1st wave(2020),My health was not affected,Yes,Family member,2.0,Stressed,3,Call,3,Interaction became difficult,4,Pay /Income decreased,Normal,Increase,No,No,,,Sometimes,Never,Most of the time,Sometimes,Sometimes,Stressed,Yes,Yes,Maybe
2021-10-26 00:16:30,25,Male,India,Bihar,Student,Yes,2nd wave(2021),2nd wave(2021),2nd wave(2021),Yes,"Myself, Family member, Close friend",3.0,Little worried,3,Text,5,I felt no change,3,No Change,Not relevant for me,Decrease,No,Yes,No,None,Sometimes,Rarely,Rarely,Sometimes,Sometimes,Not relevant,No,Yes,No
2021-10-26 06:49:48,22,Male,India,Maharashtra,Student,No,1st wave(2020),2nd wave(2021),2nd wave(2021),Yes,Family member,2.0,Stressed,3,Video Call,5,Interaction became difficult,5,Not relevant for me,Declined,Increase,No,No,,,Most of the time,Sometimes,Sometimes,Sometimes,Sometimes,Not relevant,Yes,Yes,Maybe
2021-10-26 06:56:40,15,Female,India,Uttar Pradesh,Student,Yes,Similar during both,2nd wave(2021),My health was not affected,Yes,Family member,5.0,Stressed,1,Text,3,Interaction became difficult,3,No Change,Declined,No change,No,Yes,Yes,None,Sometimes,Most of the time,Most of the time,Rarely,Most of the time,Not relevant,Yes,Maybe,No
